,Name,Position,Points,Field
0,Christian McCaffrey,RB,32.9,Home
1,Christian McCaffrey,RB,5.3,Home
2,Christian McCaffrey,RB,24.8,Away
3,Christian McCaffrey,RB,23.9,Away
4,Christian McCaffrey,RB,41.7,Home
5,Christian McCaffrey,RB,17.7,Away
6,Christian McCaffrey,RB,23.5,Away
7,Christian McCaffrey,RB,34.6,Home
8,Christian McCaffrey,RB,20.1,Away
9,Christian McCaffrey,RB,19.1,Home
10,Christian McCaffrey,RB,25.3,Away
11,Christian McCaffrey,RB,10.2,Home
12,Christian McCaffrey,RB,13.5,Away
13,Christian McCaffrey,RB,29.5,Home
14,Christian McCaffrey,RB,17.3,Away
15,Christian McCaffrey,RB,15.8,Home
16,Lamar Jackson,QB,33.56,Away
17,Lamar Jackson,QB,30.88,Home
18,Lamar Jackson,QB,21.28,Away
19,Lamar Jackson,QB,24.48,Home
20,Lamar Jackson,QB,11.44,Away
21,Lamar Jackson,QB,30.64,Home
22,Lamar Jackson,QB,23.32,Away
23,Lamar Jackson,QB,28.62,Home
24,Lamar Jackson,QB,33.42,Away
25,Lamar Jackson,QB,32.78,Home
26,Lamar Jackson,QB,36.26,Away
27,Lamar Jackson,QB,22.3,Home
28,Lamar Jackson,QB,19.8,Away
29,Lamar Jackson,QB,37.08,Home
30,Lamar Jackson,QB,29.82,Away
31,Derrick Henry,RB,27.9,Away
32,Derrick Henry,RB,15.4,Home
33,Derrick Henry,RB,10.6,Away
34,Derrick Henry,RB,10.8,Away
35,Derrick Henry,RB,13.8,Home
36,Derrick Henry,RB,3.3,Away
37,Derrick Henry,RB,16.8,Home
38,Derrick Henry,RB,6.3,Home
39,Derrick Henry,RB,21.9,Away
40,Derrick Henry,RB,31.1,Home
41,Derrick Henry,RB,27.5,Home
42,Derrick Henry,RB,20.6,Away
43,Derrick Henry,RB,22.9,Away
44,Derrick Henry,RB,8.6,Home
45,Derrick Henry,RB,39.1,Away
46,Aaron Jones,RB,3.9,Away
47,Aaron Jones,RB,21.0,Home
48,Aaron Jones,RB,14.3,Home
49,Aaron Jones,RB,11.8,Home
50,Aaron Jones,RB,42.2,Away
51,Aaron Jones,RB,4.0,Home
52,Aaron Jones,RB,14.3,Home
53,Aaron Jones,RB,34.6,Away
54,Aaron Jones,RB,2.9,Away
55,Aaron Jones,RB,27.3,Home
56,Aaron Jones,RB,3.8,Away
57,Aaron Jones,RB,3.1,Away
58,Aaron Jones,RB,25.2,Home
59,Aaron Jones,RB,17.1,Home
60,Aaron Jones,RB,26.0,Away
61,Aaron Jones,RB,14.3,Away
62,Ezekiel Elliott,RB,12.3,Home
63,Ezekiel Elliott,RB,18.0,Away
64,Ezekiel Elliott,RB,13.9,Home
65,Ezekiel Elliott,RB,10.5,Away
66,Ezekiel Elliott,RB,15.1,Home
67,Ezekiel Elliott,RB,21.3,Away
68,Ezekiel Elliott,RB,20.7,Home
69,Ezekiel Elliott,RB,13.9,Away
70,Ezekiel Elliott,RB,6.3,Home
71,Ezekiel Elliott,RB,17.3,Away
72,Ezekiel Elliott,RB,12.6,Away
73,Ezekiel Elliott,RB,13.7,Home
74,Ezekiel Elliott,RB,21.3,Away
75,Ezekiel Elliott,RB,28.0,Home
76,Ezekiel Elliott,RB,8.4,Away
77,Ezekiel Elliott,RB,24.4,Home
78,Dalvin Cook,RB,24.0,Home
79,Dalvin Cook,RB,25.1,Away
80,Dalvin Cook,RB,20.3,Home
81,Dalvin Cook,RB,13.0,Away
82,Dalvin Cook,RB,19.8,Away
83,Dalvin Cook,RB,11.4,Home
84,Dalvin Cook,RB,26.9,Away
85,Dalvin Cook,RB,23.1,Home
86,Dalvin Cook,RB,11.6,Away
87,Dalvin Cook,RB,24.3,Away
88,Dalvin Cook,RB,11.7,Home
89,Dalvin Cook,RB,10.4,Away
90,Dalvin Cook,RB,13.5,Home
91,Dalvin Cook,RB,4.3,Away
92,Michael Thomas,WR,12.3,Home
93,Michael Thomas,WR,8.9,Away
94,Michael Thomas,WR,11.4,Away
95,Michael Thomas,WR,9.5,Home
96,Michael Thomas,WR,30.2,Home
97,Michael Thomas,WR,8.9,Away
98,Michael Thomas,WR,13.1,Away
99,Michael Thomas,WR,16.3,Home
100,Michael Thomas,WR,15.2,Home
101,Michael Thomas,WR,17.4,Away
102,Michael Thomas,WR,16.1,Home
103,Michael Thomas,WR,4.8,Away
104,Michael Thomas,WR,19.4,Home
105,Michael Thomas,WR,18.8,Home
106,Michael Thomas,WR,19.6,Away
107,Michael Thomas,WR,3.7,Away
108,Travis Kelce,TE,8.8,Away
109,Travis Kelce,TE,16.7,Away
110,Travis Kelce,TE,8.9,Home
111,Travis Kelce,TE,8.5,Away
112,Travis Kelce,TE,7.0,Home
113,Travis Kelce,TE,5.8,Home
114,Travis Kelce,TE,4.4,Away
115,Travis Kelce,TE,12.3,Home
116,Travis Kelce,TE,6.2,Home
117,Travis Kelce,TE,13.5,Away
118,Travis Kelce,TE,15.2,Away
119,Travis Kelce,TE,9.0,Home
120,Travis Kelce,TE,11.0,Away
121,Travis Kelce,TE,14.2,Home
122,Travis Kelce,TE,13.4,Away
123,Travis Kelce,TE,2.4,Home
124,Nick Chubb,RB,8.5,Home
125,Nick Chubb,RB,15.8,Away
126,Nick Chubb,RB,13.1,Home
127,Nick Chubb,RB,36.3,Away
128,Nick Chubb,RB,9.9,Away
129,Nick Chubb,RB,23.9,Home
130,Nick Chubb,RB,9.8,Away
131,Nick Chubb,RB,9.1,Away
132,Nick Chubb,RB,12.1,Home
133,Nick Chubb,RB,9.2,Home
134,Nick Chubb,RB,22.4,Home
135,Nick Chubb,RB,7.9,Away
136,Nick Chubb,RB,11.7,Home
137,Nick Chubb,RB,20.8,Away
138,Nick Chubb,RB,4.5,Home
139,Nick Chubb,RB,4.2,Away
140,Austin Ekeler,RB,33.4,Home
141,Austin Ekeler,RB,17.3,Away
142,Austin Ekeler,RB,8.1,Home
143,Austin Ekeler,RB,24.2,Away
144,Austin Ekeler,RB,7.3,Home
145,Austin Ekeler,RB,2.8,Home
146,Austin Ekeler,RB,18.5,Away
147,Austin Ekeler,RB,8.2,Away
148,Austin Ekeler,RB,9.3,Home
149,Austin Ekeler,RB,10.8,Away
150,Austin Ekeler,RB,13.2,Home
151,Austin Ekeler,RB,12.7,Away
152,Austin Ekeler,RB,27.3,Away
153,Austin Ekeler,RB,8.1,Home
154,Austin Ekeler,RB,6.9,Home
155,Austin Ekeler,RB,8.9,Away
156,Mark Ingram,RB,22.7,Away
157,Mark Ingram,RB,7.7,Home
158,Mark Ingram,RB,31.5,Away
159,Mark Ingram,RB,7.1,Home
160,Mark Ingram,RB,10.9,Away
161,Mark Ingram,RB,13.4,Home
162,Mark Ingram,RB,5.3,Away
163,Mark Ingram,RB,12.4,Home
164,Mark Ingram,RB,9.4,Away
165,Mark Ingram,RB,20.5,Home
166,Mark Ingram,RB,23.8,Away
167,Mark Ingram,RB,6.2,Home
168,Mark Ingram,RB,7.9,Away
169,Mark Ingram,RB,22.6,Home
170,Mark Ingram,RB,15.1,Away
171,Dak Prescott,QB,33.4,Home
172,Dak Prescott,QB,27.66,Away
173,Dak Prescott,QB,22.54,Home
174,Dak Prescott,QB,7.62,Away
175,Dak Prescott,QB,23.22,Home
176,Dak Prescott,QB,18.22,Away
177,Dak Prescott,QB,20.56,Home
178,Dak Prescott,QB,21.48,Away
179,Dak Prescott,QB,25.88,Home
180,Dak Prescott,QB,31.56,Away
181,Dak Prescott,QB,6.88,Away
182,Dak Prescott,QB,22.7,Home
183,Dak Prescott,QB,17.46,Away
184,Dak Prescott,QB,17.68,Home
185,Dak Prescott,QB,11.3,Away
186,Dak Prescott,QB,29.62,Home
187,Mark Andrews,TE,16.8,Away
188,Mark Andrews,TE,17.2,Home
189,Mark Andrews,TE,1.5,Away
190,Mark Andrews,TE,9.1,Home
191,Mark Andrews,TE,4.5,Away
192,Mark Andrews,TE,7.9,Home
193,Mark Andrews,TE,3.9,Away
194,Mark Andrews,TE,2.1,Home
195,Mark Andrews,TE,17.3,Away
196,Mark Andrews,TE,13.5,Home
197,Mark Andrews,TE,4.5,Away
198,Mark Andrews,TE,11.0,Home
199,Mark Andrews,TE,1.4,Away
200,Mark Andrews,TE,11.2,Home
201,Mark Andrews,TE,21.3,Away
202,Russell Wilson,QB,16.6,Home
203,Russell Wilson,QB,24.2,Away
204,Russell Wilson,QB,41.34,Home
205,Russell Wilson,QB,14.3,Away
206,Russell Wilson,QB,29.92,Home
207,Russell Wilson,QB,28.9,Away
208,Russell Wilson,QB,14.34,Home
209,Russell Wilson,QB,15.68,Away
210,Russell Wilson,QB,39.22,Home
211,Russell Wilson,QB,16.58,Away
212,Russell Wilson,QB,9.5,Away
213,Russell Wilson,QB,16.9,Home
214,Russell Wilson,QB,10.6,Away
215,Russell Wilson,QB,19.34,Away
216,Russell Wilson,QB,10.96,Home
217,Russell Wilson,QB,20.22,Home
218,Chris Godwin,WR,11.3,Home
219,Chris Godwin,WR,18.1,Away
220,Chris Godwin,WR,4.0,Home
221,Chris Godwin,WR,29.2,Away
222,Chris Godwin,WR,24.5,Away
223,Chris Godwin,WR,15.1,Home
224,Chris Godwin,WR,6.3,Away
225,Chris Godwin,WR,6.9,Away
226,Chris Godwin,WR,7.4,Home
227,Chris Godwin,WR,10.7,Home
228,Chris Godwin,WR,30.4,Away
229,Chris Godwin,WR,5.0,Away
230,Chris Godwin,WR,9.1,Home
231,Chris Godwin,WR,12.1,Away
232,George Kittle,TE,5.4,Away
233,George Kittle,TE,5.4,Away
234,George Kittle,TE,5.7,Home
235,George Kittle,TE,14.8,Home
236,George Kittle,TE,10.3,Away
237,George Kittle,TE,3.8,Away
238,George Kittle,TE,8.6,Home
239,George Kittle,TE,13.9,Away
240,George Kittle,TE,18.9,Home
241,George Kittle,TE,1.4,Away
242,George Kittle,TE,12.7,Away
243,George Kittle,TE,13.4,Home
244,George Kittle,TE,13.9,Home
245,George Kittle,TE,9.3,Away
246,Deshaun Watson,QB,30.72,Away
247,Deshaun Watson,QB,12.86,Home
248,Deshaun Watson,QB,25.84,Away
249,Deshaun Watson,QB,11.6,Home
250,Deshaun Watson,QB,41.74,Home
251,Deshaun Watson,QB,29.4,Away
252,Deshaun Watson,QB,15.52,Away
253,Deshaun Watson,QB,27.76,Home
254,Deshaun Watson,QB,19.74,Away
255,Deshaun Watson,QB,3.96,Away
256,Deshaun Watson,QB,18.92,Home
257,Deshaun Watson,QB,27.86,Home
258,Deshaun Watson,QB,28.08,Home
259,Deshaun Watson,QB,16.92,Away
260,Deshaun Watson,QB,9.06,Away
261,Chris Carson,RB,18.0,Home
262,Chris Carson,RB,6.7,Away
263,Chris Carson,RB,3.0,Home
264,Chris Carson,RB,14.5,Away
265,Chris Carson,RB,18.3,Home
266,Chris Carson,RB,21.9,Away
267,Chris Carson,RB,7.4,Home
268,Chris Carson,RB,15.0,Away
269,Chris Carson,RB,11.3,Home
270,Chris Carson,RB,16.1,Away
271,Chris Carson,RB,5.7,Away
272,Chris Carson,RB,16.9,Home
273,Chris Carson,RB,9.1,Away
274,Chris Carson,RB,25.7,Away
275,Chris Carson,RB,6.0,Home
276,Darren Waller,TE,7.0,Home
277,Darren Waller,TE,6.3,Home
278,Darren Waller,TE,14.1,Away
279,Darren Waller,TE,5.3,Away
280,Darren Waller,TE,3.9,Home
281,Darren Waller,TE,24.6,Away
282,Darren Waller,TE,7.1,Away
283,Darren Waller,TE,5.2,Home
284,Darren Waller,TE,4.0,Home
285,Darren Waller,TE,7.6,Home
286,Darren Waller,TE,4.1,Away
287,Darren Waller,TE,10.0,Away
288,Darren Waller,TE,5.2,Home
289,Darren Waller,TE,12.2,Home
290,Darren Waller,TE,3.7,Away
291,Darren Waller,TE,10.7,Away
292,Kenny Golladay,WR,10.2,Away
293,Kenny Golladay,WR,17.7,Home
294,Kenny Golladay,WR,1.7,Away
295,Kenny Golladay,WR,18.7,Home
296,Kenny Golladay,WR,12.1,Away
297,Kenny Golladay,WR,2.1,Home
298,Kenny Golladay,WR,22.3,Home
299,Kenny Golladay,WR,19.2,Away
300,Kenny Golladay,WR,11.7,Away
301,Kenny Golladay,WR,3.4,Home
302,Kenny Golladay,WR,6.1,Away
303,Kenny Golladay,WR,21.8,Home
304,Kenny Golladay,WR,11.8,Away
305,Kenny Golladay,WR,4.4,Home
306,Kenny Golladay,WR,12.6,Away
307,Kenny Golladay,WR,7.2,Home
308,Saquon Barkley,RB,13.9,Away
309,Saquon Barkley,RB,19.5,Home
310,Saquon Barkley,RB,3.7,Away
311,Saquon Barkley,RB,14.0,Home
312,Saquon Barkley,RB,20.3,Away
313,Saquon Barkley,RB,9.5,Home
314,Saquon Barkley,RB,3.1,Away
315,Saquon Barkley,RB,6.0,Away
316,Saquon Barkley,RB,11.5,Home
317,Saquon Barkley,RB,6.7,Away
318,Saquon Barkley,RB,26.3,Home
319,Saquon Barkley,RB,39.9,Away
320,Saquon Barkley,RB,17.7,Home
321,Zach Ertz,TE,5.4,Home
322,Zach Ertz,TE,9.2,Away
323,Zach Ertz,TE,6.4,Home
324,Zach Ertz,TE,6.5,Away
325,Zach Ertz,TE,11.7,Home
326,Zach Ertz,TE,3.4,Away
327,Zach Ertz,TE,3.8,Away
328,Zach Ertz,TE,2.0,Away
329,Zach Ertz,TE,16.3,Home
330,Zach Ertz,TE,9.4,Home
331,Zach Ertz,TE,15.1,Home
332,Zach Ertz,TE,2.4,Away
333,Zach Ertz,TE,21.1,Home
334,Zach Ertz,TE,12.1,Away
335,Zach Ertz,TE,2.8,Home
336,Joe Mixon,RB,1.7,Away
337,Joe Mixon,RB,2.7,Home
338,Joe Mixon,RB,15.4,Away
339,Joe Mixon,RB,6.3,Away
340,Joe Mixon,RB,10.9,Home
341,Joe Mixon,RB,3.9,Away
342,Joe Mixon,RB,6.4,Home
343,Joe Mixon,RB,13.7,Away
344,Joe Mixon,RB,15.1,Home
345,Joe Mixon,RB,16.3,Away
346,Joe Mixon,RB,7.9,Home
347,Joe Mixon,RB,13.0,Home
348,Joe Mixon,RB,24.6,Away
349,Joe Mixon,RB,15.6,Home
350,Joe Mixon,RB,7.3,Away
351,Joe Mixon,RB,29.6,Home
352,Todd Gurley,RB,10.1,Away
353,Todd Gurley,RB,12.7,Home
354,Todd Gurley,RB,4.3,Away
355,Todd Gurley,RB,19.0,Home
356,Todd Gurley,RB,15.7,Away
357,Todd Gurley,RB,11.4,Away
358,Todd Gurley,RB,10.4,Home
359,Todd Gurley,RB,7.3,Away
360,Todd Gurley,RB,17.3,Home
361,Todd Gurley,RB,1.9,Home
362,Todd Gurley,RB,17.5,Away
363,Todd Gurley,RB,17.3,Home
364,Todd Gurley,RB,17.8,Away
365,Todd Gurley,RB,16.8,Away
366,Todd Gurley,RB,8.9,Home
367,Jared Cook,TE,3.7,Home
368,Jared Cook,TE,2.5,Away
369,Jared Cook,TE,0.7,Away
370,Jared Cook,TE,2.1,Home
371,Jared Cook,TE,10.1,Home
372,Jared Cook,TE,9.7,Away
373,Jared Cook,TE,7.4,Home
374,Jared Cook,TE,9.3,Away
375,Jared Cook,TE,15.9,Home
376,Jared Cook,TE,8.5,Away
377,Jared Cook,TE,18.4,Home
378,Jared Cook,TE,5.4,Home
379,Jared Cook,TE,20.4,Away
380,Jared Cook,TE,10.4,Away
381,Cooper Kupp,WR,4.6,Away
382,Cooper Kupp,WR,12.6,Home
383,Cooper Kupp,WR,22.1,Away
384,Cooper Kupp,WR,17.9,Home
385,Cooper Kupp,WR,17.7,Away
386,Cooper Kupp,WR,1.7,Home
387,Cooper Kupp,WR,5.0,Away
388,Cooper Kupp,WR,28.0,Home
390,Cooper Kupp,WR,5.3,Home
391,Cooper Kupp,WR,3.5,Home
392,Cooper Kupp,WR,12.5,Away
393,Cooper Kupp,WR,10.5,Home
394,Cooper Kupp,WR,10.1,Away
395,Cooper Kupp,WR,9.1,Away
396,Cooper Kupp,WR,15.9,Home
397,Julio Jones,WR,9.1,Away
398,Julio Jones,WR,22.6,Home
399,Julio Jones,WR,18.8,Away
400,Julio Jones,WR,5.3,Home
401,Julio Jones,WR,4.2,Away
402,Julio Jones,WR,10.8,Away
403,Julio Jones,WR,9.3,Home
404,Julio Jones,WR,15.2,Home
405,Julio Jones,WR,7.9,Away
406,Julio Jones,WR,8.7,Away
407,Julio Jones,WR,6.8,Home
408,Julio Jones,WR,6.6,Home
409,Julio Jones,WR,25.4,Away
410,Julio Jones,WR,16.6,Home
411,Julio Jones,WR,7.8,Away
412,DeVante Parker,WR,7.5,Home
414,DeVante Parker,WR,5.6,Away
415,DeVante Parker,WR,13.0,Home
416,DeVante Parker,WR,8.8,Home
417,DeVante Parker,WR,11.5,Away
418,DeVante Parker,WR,5.9,Away
419,DeVante Parker,WR,11.7,Home
420,DeVante Parker,WR,6.9,Away
421,DeVante Parker,WR,13.5,Home
422,DeVante Parker,WR,9.1,Away
423,DeVante Parker,WR,27.9,Home
424,DeVante Parker,WR,2.8,Away
425,DeVante Parker,WR,19.2,Away
426,DeVante Parker,WR,17.1,Home
427,DeVante Parker,WR,13.7,Away
428,Leonard Fournette,RB,7.4,Home
429,Leonard Fournette,RB,8.7,Away
430,Leonard Fournette,RB,9.2,Home
431,Leonard Fournette,RB,24.5,Away
432,Leonard Fournette,RB,19.7,Away
433,Leonard Fournette,RB,11.8,Home
434,Leonard Fournette,RB,14.5,Away
435,Leonard Fournette,RB,13.6,Home
436,Leonard Fournette,RB,7.2,Home
437,Leonard Fournette,RB,5.7,Away
438,Leonard Fournette,RB,27.9,Away
439,Leonard Fournette,RB,9.1,Home
440,Leonard Fournette,RB,6.3,Home
441,Leonard Fournette,RB,7.3,Away
442,Leonard Fournette,RB,10.5,Away
443,Jameis Winston,QB,7.06,Home
444,Jameis Winston,QB,13.22,Away
445,Jameis Winston,QB,25.5,Home
446,Jameis Winston,QB,29.3,Away
447,Jameis Winston,QB,17.46,Away
448,Jameis Winston,QB,12.1,Home
449,Jameis Winston,QB,19.34,Away
450,Jameis Winston,QB,20.2,Away
451,Jameis Winston,QB,18.32,Home
452,Jameis Winston,QB,14.82,Home
453,Jameis Winston,QB,24.32,Away
454,Jameis Winston,QB,10.72,Away
455,Jameis Winston,QB,34.74,Home
456,Jameis Winston,QB,32.72,Away
457,Jameis Winston,QB,11.0,Home
458,Jameis Winston,QB,14.54,Home
459,Austin Hooper,TE,7.7,Away
460,Austin Hooper,TE,3.4,Home
461,Austin Hooper,TE,18.6,Away
462,Austin Hooper,TE,13.0,Home
463,Austin Hooper,TE,7.6,Away
464,Austin Hooper,TE,17.7,Away
465,Austin Hooper,TE,10.6,Home
466,Austin Hooper,TE,12.5,Home
467,Austin Hooper,TE,7.7,Away
468,Austin Hooper,TE,3.2,Home
469,Austin Hooper,TE,2.0,Away
470,Austin Hooper,TE,8.2,Home
471,Austin Hooper,TE,4.5,Away
472,Amari Cooper,WR,16.6,Home
473,Amari Cooper,WR,10.4,Away
474,Amari Cooper,WR,20.8,Home
475,Amari Cooper,WR,4.8,Away
476,Amari Cooper,WR,28.6,Home
477,Amari Cooper,WR,0.3,Away
478,Amari Cooper,WR,10.6,Home
479,Amari Cooper,WR,14.0,Away
480,Amari Cooper,WR,20.7,Home
481,Amari Cooper,WR,3.8,Away
483,Amari Cooper,WR,8.5,Home
484,Amari Cooper,WR,14.3,Away
485,Amari Cooper,WR,1.9,Home
486,Amari Cooper,WR,2.4,Away
487,Amari Cooper,WR,9.8,Home
488,Mike Evans,WR,2.8,Home
489,Mike Evans,WR,6.1,Away
490,Mike Evans,WR,37.0,Home
491,Mike Evans,WR,14.9,Away
493,Mike Evans,WR,11.6,Home
494,Mike Evans,WR,31.8,Away
495,Mike Evans,WR,24.0,Away
496,Mike Evans,WR,8.2,Home
497,Mike Evans,WR,6.9,Home
498,Mike Evans,WR,5.0,Away
499,Mike Evans,WR,5.3,Away
500,Mike Evans,WR,12.1,Home
501,A.J. Brown,WR,10.0,Away
502,A.J. Brown,WR,2.5,Home
503,A.J. Brown,WR,0.4,Away
504,A.J. Brown,WR,21.4,Away
505,A.J. Brown,WR,2.7,Home
506,A.J. Brown,WR,2.3,Away
507,A.J. Brown,WR,6.2,Home
508,A.J. Brown,WR,7.1,Home
509,A.J. Brown,WR,8.1,Away
510,A.J. Brown,WR,1.7,Home
511,A.J. Brown,WR,19.5,Home
512,A.J. Brown,WR,4.5,Away
513,A.J. Brown,WR,28.6,Away
514,A.J. Brown,WR,17.4,Home
515,A.J. Brown,WR,14.3,Home
516,A.J. Brown,WR,18.4,Away
517,DeAndre Hopkins,WR,23.1,Away
518,DeAndre Hopkins,WR,4.0,Home
519,DeAndre Hopkins,WR,6.7,Away
520,DeAndre Hopkins,WR,2.1,Home
521,DeAndre Hopkins,WR,8.8,Home
522,DeAndre Hopkins,WR,7.5,Away
523,DeAndre Hopkins,WR,16.6,Away
524,DeAndre Hopkins,WR,10.9,Home
525,DeAndre Hopkins,WR,11.4,Away
526,DeAndre Hopkins,WR,8.0,Away
527,DeAndre Hopkins,WR,21.4,Home
528,DeAndre Hopkins,WR,10.64,Home
529,DeAndre Hopkins,WR,19.2,Home
530,DeAndre Hopkins,WR,11.9,Away
531,DeAndre Hopkins,WR,2.3,Away
532,Josh Jacobs,RB,23.3,Home
533,Josh Jacobs,RB,9.9,Home
534,Josh Jacobs,RB,4.4,Away
535,Josh Jacobs,RB,10.8,Away
536,Josh Jacobs,RB,26.3,Home
537,Josh Jacobs,RB,13.4,Away
538,Josh Jacobs,RB,8.1,Away
539,Josh Jacobs,RB,24.0,Home
540,Josh Jacobs,RB,16.1,Home
541,Josh Jacobs,RB,10.4,Home
542,Josh Jacobs,RB,3.6,Away
543,Josh Jacobs,RB,10.4,Away
544,Josh Jacobs,RB,10.9,Home
545,Keenan Allen,WR,18.3,Home
546,Keenan Allen,WR,9.8,Away
547,Keenan Allen,WR,30.6,Home
548,Keenan Allen,WR,4.8,Away
549,Keenan Allen,WR,1.8,Home
550,Keenan Allen,WR,3.3,Home
551,Keenan Allen,WR,6.1,Away
552,Keenan Allen,WR,5.3,Away
553,Keenan Allen,WR,4.0,Home
554,Keenan Allen,WR,8.6,Away
555,Keenan Allen,WR,13.1,Home
556,Keenan Allen,WR,12.8,Away
557,Keenan Allen,WR,8.3,Away
558,Keenan Allen,WR,9.9,Home
559,Keenan Allen,WR,6.6,Home
560,Keenan Allen,WR,14.2,Away
561,Miles Sanders,RB,2.7,Home
562,Miles Sanders,RB,3.7,Away
563,Miles Sanders,RB,10.6,Home
564,Miles Sanders,RB,7.2,Away
565,Miles Sanders,RB,6.4,Home
566,Miles Sanders,RB,15.2,Away
567,Miles Sanders,RB,3.2,Away
568,Miles Sanders,RB,19.8,Away
569,Miles Sanders,RB,7.3,Home
570,Miles Sanders,RB,4.7,Home
571,Miles Sanders,RB,8.6,Home
572,Miles Sanders,RB,16.5,Away
573,Miles Sanders,RB,6.9,Home
574,Miles Sanders,RB,29.2,Away
575,Miles Sanders,RB,21.6,Home
576,Miles Sanders,RB,5.1,Away
577,Allen Robinson,WR,10.2,Home
578,Allen Robinson,WR,4.1,Away
579,Allen Robinson,WR,6.0,Away
580,Allen Robinson,WR,7.7,Home
581,Allen Robinson,WR,21.7,Away
582,Allen Robinson,WR,14.7,Home
583,Allen Robinson,WR,6.2,Home
584,Allen Robinson,WR,0.6,Away
585,Allen Robinson,WR,8.6,Home
586,Allen Robinson,WR,1.5,Away
587,Allen Robinson,WR,19.1,Home
588,Allen Robinson,WR,14.6,Away
589,Allen Robinson,WR,16.8,Home
590,Allen Robinson,WR,12.5,Away
591,Allen Robinson,WR,5.3,Home
592,Allen Robinson,WR,7.3,Away
593,Julian Edelman,WR,10.38,Home
594,Julian Edelman,WR,5.2,Away
595,Julian Edelman,WR,12.2,Home
596,Julian Edelman,WR,3.0,Away
597,Julian Edelman,WR,17.0,Away
598,Julian Edelman,WR,11.3,Home
599,Julian Edelman,WR,6.7,Away
600,Julian Edelman,WR,19.5,Home
601,Julian Edelman,WR,6.9,Away
602,Julian Edelman,WR,9.9,Away
603,Julian Edelman,WR,9.3,Home
604,Julian Edelman,WR,15.9,Away
605,Julian Edelman,WR,16.3,Home
606,Julian Edelman,WR,0.9,Away
607,Julian Edelman,WR,9.2,Home
608,Julian Edelman,WR,2.6,Home
609,Alvin Kamara,RB,16.9,Home
610,Alvin Kamara,RB,6.0,Away
611,Alvin Kamara,RB,28.1,Away
612,Alvin Kamara,RB,8.9,Home
613,Alvin Kamara,RB,10.92,Home
614,Alvin Kamara,RB,6.6,Away
615,Alvin Kamara,RB,7.4,Home
616,Alvin Kamara,RB,12.2,Away
617,Alvin Kamara,RB,10.2,Home
618,Alvin Kamara,RB,8.4,Away
619,Alvin Kamara,RB,2.3,Home
620,Alvin Kamara,RB,8.9,Home
621,Alvin Kamara,RB,23.0,Away
622,Alvin Kamara,RB,17.7,Away
623,Marlon Mack,RB,25.4,Away
624,Marlon Mack,RB,6.3,Away
625,Marlon Mack,RB,14.8,Home
626,Marlon Mack,RB,3.9,Home
627,Marlon Mack,RB,14.8,Away
628,Marlon Mack,RB,5.6,Home
629,Marlon Mack,RB,15.0,Home
630,Marlon Mack,RB,8.9,Away
631,Marlon Mack,RB,8.2,Home
632,Marlon Mack,RB,16.9,Home
633,Marlon Mack,RB,9.8,Away
634,Marlon Mack,RB,1.9,Away
635,Marlon Mack,RB,16.1,Home
636,Marlon Mack,RB,19.7,Away
637,Jarvis Landry,WR,7.7,Home
638,Jarvis Landry,WR,3.2,Away
639,Jarvis Landry,WR,6.2,Home
640,Jarvis Landry,WR,16.7,Away
641,Jarvis Landry,WR,7.5,Away
642,Jarvis Landry,WR,3.6,Home
643,Jarvis Landry,WR,6.5,Away
644,Jarvis Landry,WR,11.1,Away
645,Jarvis Landry,WR,15.7,Home
646,Jarvis Landry,WR,10.3,Home
647,Jarvis Landry,WR,26.8,Home
648,Jarvis Landry,WR,7.6,Away
649,Jarvis Landry,WR,7.6,Home
650,Jarvis Landry,WR,2.3,Away
651,Jarvis Landry,WR,7.4,Home
652,Jarvis Landry,WR,14.2,Away
653,Josh Allen,QB,15.96,Away
654,Josh Allen,QB,22.22,Away
655,Josh Allen,QB,18.32,Home
656,Josh Allen,QB,8.72,Home
657,Josh Allen,QB,17.46,Away
658,Josh Allen,QB,21.28,Home
659,Josh Allen,QB,17.26,Home
660,Josh Allen,QB,17.6,Home
661,Josh Allen,QB,25.44,Away
662,Josh Allen,QB,33.84,Away
663,Josh Allen,QB,19.0,Home
664,Josh Allen,QB,23.54,Away
665,Josh Allen,QB,10.74,Home
666,Josh Allen,QB,16.36,Away
667,Josh Allen,QB,20.62,Away
668,Josh Allen,QB,0.2,Home
669,Tyler Lockett,WR,10.4,Home
670,Tyler Lockett,WR,7.9,Away
671,Tyler Lockett,WR,21.4,Home
672,Tyler Lockett,WR,5.1,Away
673,Tyler Lockett,WR,10.3,Home
674,Tyler Lockett,WR,7.8,Away
675,Tyler Lockett,WR,11.8,Home
676,Tyler Lockett,WR,10.0,Away
677,Tyler Lockett,WR,27.2,Home
678,Tyler Lockett,WR,2.9,Away
679,Tyler Lockett,WR,3.8,Away
681,Tyler Lockett,WR,4.3,Away
682,Tyler Lockett,WR,18.0,Away
683,Tyler Lockett,WR,1.2,Home
684,Tyler Lockett,WR,11.1,Home
685,DJ Chark,WR,20.6,Home
686,DJ Chark,WR,11.5,Away
687,DJ Chark,WR,13.6,Home
688,DJ Chark,WR,4.4,Away
689,DJ Chark,WR,28.4,Away
690,DJ Chark,WR,4.3,Home
691,DJ Chark,WR,7.3,Away
692,DJ Chark,WR,13.9,Home
693,DJ Chark,WR,3.2,Home
694,DJ Chark,WR,22.4,Away
695,DJ Chark,WR,5.8,Away
696,DJ Chark,WR,4.7,Home
697,DJ Chark,WR,7.5,Home
698,DJ Chark,WR,1.8,Away
699,DJ Chark,WR,3.4,Home
700,Kenyan Drake,RB,2.7,Home
701,Kenyan Drake,RB,4.8,Home
702,Kenyan Drake,RB,5.2,Away
703,Kenyan Drake,RB,7.3,Home
704,Kenyan Drake,RB,7.0,Home
705,Kenyan Drake,RB,5.8,Away
706,Kenyan Drake,RB,24.2,Home
707,Kenyan Drake,RB,4.1,Away
708,Kenyan Drake,RB,8.0,Away
709,Kenyan Drake,RB,5.1,Home
710,Kenyan Drake,RB,6.7,Home
711,Kenyan Drake,RB,38.6,Home
712,Kenyan Drake,RB,30.4,Away
713,Kenyan Drake,RB,14.3,Away
714,Patrick Mahomes,QB,27.32,Away
715,Patrick Mahomes,QB,31.62,Away
716,Patrick Mahomes,QB,27.86,Home
717,Patrick Mahomes,QB,18.0,Away
718,Patrick Mahomes,QB,18.54,Home
719,Patrick Mahomes,QB,18.82,Home
720,Patrick Mahomes,QB,7.24,Away
721,Patrick Mahomes,QB,29.84,Away
722,Patrick Mahomes,QB,15.18,Away
723,Patrick Mahomes,QB,19.5,Home
724,Patrick Mahomes,QB,13.92,Away
725,Patrick Mahomes,QB,22.7,Home
726,Patrick Mahomes,QB,25.44,Away
727,Patrick Mahomes,QB,11.06,Home
728,Phillip Lindsay,RB,6.6,Away
729,Phillip Lindsay,RB,6.6,Home
730,Phillip Lindsay,RB,25.0,Away
731,Phillip Lindsay,RB,6.0,Home
732,Phillip Lindsay,RB,20.7,Away
733,Phillip Lindsay,RB,13.5,Home
734,Phillip Lindsay,RB,3.2,Home
735,Phillip Lindsay,RB,7.6,Away
736,Phillip Lindsay,RB,15.2,Home
737,Phillip Lindsay,RB,7.5,Away
738,Phillip Lindsay,RB,6.8,Away
739,Phillip Lindsay,RB,6.2,Home
740,Phillip Lindsay,RB,11.5,Away
741,Phillip Lindsay,RB,3.2,Away
742,Phillip Lindsay,RB,17.8,Home
743,Phillip Lindsay,RB,5.3,Home
744,Kyler Murray,QB,21.62,Home
745,Kyler Murray,QB,16.36,Away
746,Kyler Murray,QB,17.82,Home
747,Kyler Murray,QB,16.34,Home
748,Kyler Murray,QB,25.42,Away
749,Kyler Murray,QB,28.8,Home
750,Kyler Murray,QB,6.96,Away
751,Kyler Murray,QB,10.1,Away
752,Kyler Murray,QB,23.04,Home
753,Kyler Murray,QB,26.76,Away
754,Kyler Murray,QB,26.7,Away
755,Kyler Murray,QB,13.32,Home
756,Kyler Murray,QB,9.96,Home
757,Kyler Murray,QB,16.36,Home
758,Kyler Murray,QB,12.72,Away
759,Kyler Murray,QB,13.0,Away
760,Courtland Sutton,WR,12.0,Away
761,Courtland Sutton,WR,4.0,Home
762,Courtland Sutton,WR,8.7,Away
763,Courtland Sutton,WR,18.2,Home
764,Courtland Sutton,WR,15.2,Away
765,Courtland Sutton,WR,7.6,Home
766,Courtland Sutton,WR,8.7,Home
767,Courtland Sutton,WR,7.2,Away
768,Courtland Sutton,WR,12.3,Home
769,Courtland Sutton,WR,13.82,Away
770,Courtland Sutton,WR,2.7,Away
771,Courtland Sutton,WR,19.4,Home
772,Courtland Sutton,WR,3.4,Away
773,Courtland Sutton,WR,7.9,Away
774,Courtland Sutton,WR,4.1,Home
775,Courtland Sutton,WR,5.2,Home
776,Stefon Diggs,WR,3.7,Home
777,Stefon Diggs,WR,8.9,Away
778,Stefon Diggs,WR,1.5,Home
779,Stefon Diggs,WR,8.8,Away
780,Stefon Diggs,WR,4.4,Away
781,Stefon Diggs,WR,36.5,Home
782,Stefon Diggs,WR,14.3,Away
783,Stefon Diggs,WR,12.3,Home
784,Stefon Diggs,WR,1.6,Away
785,Stefon Diggs,WR,4.9,Away
786,Stefon Diggs,WR,18.1,Home
787,Stefon Diggs,WR,5.2,Away
788,Stefon Diggs,WR,9.2,Home
789,Stefon Diggs,WR,8.0,Away
790,Stefon Diggs,WR,11.7,Home
791,John Brown,WR,18.3,Away
792,John Brown,WR,7.2,Away
793,John Brown,WR,5.5,Home
794,John Brown,WR,6.9,Home
795,John Brown,WR,7.5,Away
796,John Brown,WR,14.3,Home
797,John Brown,WR,5.4,Home
798,John Brown,WR,7.6,Home
799,John Brown,WR,7.7,Away
800,John Brown,WR,25.7,Away
801,John Brown,WR,9.9,Home
802,John Brown,WR,7.72,Away
803,John Brown,WR,2.6,Home
804,John Brown,WR,9.9,Away
805,John Brown,WR,11.6,Away
806,Hunter Henry,TE,6.0,Home
807,Hunter Henry,TE,22.0,Home
808,Hunter Henry,TE,9.7,Away
809,Hunter Henry,TE,4.7,Away
810,Hunter Henry,TE,8.4,Home
811,Hunter Henry,TE,9.0,Away
812,Hunter Henry,TE,8.9,Home
813,Hunter Henry,TE,1.0,Away
814,Hunter Henry,TE,9.9,Away
815,Hunter Henry,TE,0.9,Home
816,Hunter Henry,TE,4.5,Home
817,Hunter Henry,TE,10.2,Away
818,Michael Gallup,WR,15.8,Home
819,Michael Gallup,WR,6.8,Away
820,Michael Gallup,WR,17.3,Home
821,Michael Gallup,WR,4.8,Away
822,Michael Gallup,WR,3.4,Home
823,Michael Gallup,WR,9.3,Away
824,Michael Gallup,WR,13.6,Home
825,Michael Gallup,WR,14.8,Away
826,Michael Gallup,WR,5.5,Away
827,Michael Gallup,WR,6.3,Home
828,Michael Gallup,WR,10.9,Away
829,Michael Gallup,WR,0.6,Home
830,Michael Gallup,WR,9.8,Away
831,Michael Gallup,WR,27.8,Home
832,Aaron Rodgers,QB,12.92,Away
833,Aaron Rodgers,QB,14.36,Home
834,Aaron Rodgers,QB,13.3,Home
835,Aaron Rodgers,QB,25.48,Home
836,Aaron Rodgers,QB,9.42,Away
837,Aaron Rodgers,QB,18.32,Home
838,Aaron Rodgers,QB,43.76,Home
839,Aaron Rodgers,QB,27.1,Away
840,Aaron Rodgers,QB,12.94,Away
841,Aaron Rodgers,QB,10.02,Home
842,Aaron Rodgers,QB,9.46,Away
843,Aaron Rodgers,QB,28.12,Away
844,Aaron Rodgers,QB,11.4,Home
845,Aaron Rodgers,QB,14.42,Home
846,Aaron Rodgers,QB,8.34,Away
847,Aaron Rodgers,QB,19.02,Away
848,Tyler Higbee,TE,8.0,Away
849,Tyler Higbee,TE,2.1,Home
850,Tyler Higbee,TE,4.1,Home
851,Tyler Higbee,TE,4.7,Away
852,Tyler Higbee,TE,2.5,Home
853,Tyler Higbee,TE,0.8,Away
854,Tyler Higbee,TE,0.8,Home
855,Tyler Higbee,TE,2.2,Away
857,Tyler Higbee,TE,2.0,Home
858,Tyler Higbee,TE,16.7,Away
859,Tyler Higbee,TE,11.6,Home
860,Tyler Higbee,TE,11.1,Away
861,Tyler Higbee,TE,10.4,Away
862,Tyler Higbee,TE,14.4,Home
863,D.J. Moore,WR,5.6,Home
864,D.J. Moore,WR,8.9,Home
865,D.J. Moore,WR,12.4,Away
866,D.J. Moore,WR,4.4,Away
867,D.J. Moore,WR,9.1,Home
868,D.J. Moore,WR,8.6,Away
869,D.J. Moore,WR,3.8,Away
870,D.J. Moore,WR,10.1,Home
871,D.J. Moore,WR,12.0,Away
872,D.J. Moore,WR,9.5,Home
873,D.J. Moore,WR,25.4,Away
874,D.J. Moore,WR,13.2,Home
875,D.J. Moore,WR,8.1,Away
876,D.J. Moore,WR,12.3,Home
877,D.J. Moore,WR,0.1,Away
878,Robert Woods,WR,8.6,Away
879,Robert Woods,WR,4.2,Home
880,Robert Woods,WR,5.8,Away
881,Robert Woods,WR,16.4,Home
882,Robert Woods,WR,4.8,Away
883,Robert Woods,WR,7.6,Home
884,Robert Woods,WR,8.6,Away
885,Robert Woods,WR,4.2,Home
886,Robert Woods,WR,9.5,Away
887,Robert Woods,WR,9.7,Home
888,Robert Woods,WR,17.2,Away
889,Robert Woods,WR,18.7,Home
890,Robert Woods,WR,1.7,Away
891,Robert Woods,WR,12.3,Away
892,Robert Woods,WR,13.6,Home
893,Carson Wentz,QB,25.02,Home
894,Carson Wentz,QB,17.54,Away
895,Carson Wentz,QB,21.66,Home
896,Carson Wentz,QB,19.7,Away
897,Carson Wentz,QB,12.06,Home
898,Carson Wentz,QB,20.54,Away
899,Carson Wentz,QB,6.84,Away
900,Carson Wentz,QB,14.38,Away
901,Carson Wentz,QB,15.06,Home
902,Carson Wentz,QB,12.26,Home
903,Carson Wentz,QB,8.94,Home
904,Carson Wentz,QB,24.4,Away
905,Carson Wentz,QB,19.9,Home
906,Carson Wentz,QB,21.54,Away
907,Carson Wentz,QB,18.96,Home
908,Carson Wentz,QB,17.06,Away
909,Raheem Mostert,RB,4.0,Away
910,Raheem Mostert,RB,21.1,Away
911,Raheem Mostert,RB,5.9,Home
912,Raheem Mostert,RB,3.4,Home
913,Raheem Mostert,RB,1.3,Away
915,Raheem Mostert,RB,12.0,Home
917,Raheem Mostert,RB,3.5,Home
918,Raheem Mostert,RB,2.7,Home
919,Raheem Mostert,RB,12.7,Home
920,Raheem Mostert,RB,21.4,Away
921,Raheem Mostert,RB,22.9,Away
922,Raheem Mostert,RB,9.9,Home
923,Raheem Mostert,RB,11.3,Home
924,Raheem Mostert,RB,19.3,Away
925,Dallas Goedert,TE,1.6,Home
927,Dallas Goedert,TE,7.6,Away
928,Dallas Goedert,TE,1.1,Home
929,Dallas Goedert,TE,4.8,Away
930,Dallas Goedert,TE,10.9,Away
931,Dallas Goedert,TE,8.2,Away
932,Dallas Goedert,TE,3.9,Home
933,Dallas Goedert,TE,9.6,Home
934,Dallas Goedert,TE,1.2,Home
935,Dallas Goedert,TE,6.6,Away
936,Dallas Goedert,TE,4.1,Home
937,Dallas Goedert,TE,5.5,Away
938,Dallas Goedert,TE,15.1,Home
939,Dallas Goedert,TE,6.5,Away
940,Le'Veon Bell,RB,17.2,Home
941,Le'Veon Bell,RB,10.9,Home
942,Le'Veon Bell,RB,6.3,Away
943,Le'Veon Bell,RB,8.8,Away
944,Le'Veon Bell,RB,11.3,Home
945,Le'Veon Bell,RB,7.6,Home
946,Le'Veon Bell,RB,3.5,Away
947,Le'Veon Bell,RB,12.1,Away
948,Le'Veon Bell,RB,12.8,Home
949,Le'Veon Bell,RB,15.2,Away
950,Le'Veon Bell,RB,10.8,Home
951,Le'Veon Bell,RB,6.7,Away
952,Le'Veon Bell,RB,8.8,Away
953,Le'Veon Bell,RB,9.3,Home
954,Le'Veon Bell,RB,7.7,Away
955,Mike Gesicki,TE,3.1,Home
956,Mike Gesicki,TE,1.1,Home
957,Mike Gesicki,TE,0.9,Away
959,Mike Gesicki,TE,5.1,Home
960,Mike Gesicki,TE,4.1,Away
961,Mike Gesicki,TE,1.0,Away
962,Mike Gesicki,TE,9.5,Home
963,Mike Gesicki,TE,0.8,Away
964,Mike Gesicki,TE,1.8,Home
965,Mike Gesicki,TE,8.8,Away
966,Mike Gesicki,TE,13.9,Home
967,Mike Gesicki,TE,0.6,Away
968,Mike Gesicki,TE,4.7,Away
969,Mike Gesicki,TE,20.2,Home
970,Mike Gesicki,TE,9.4,Away
971,Calvin Ridley,WR,12.4,Away
972,Calvin Ridley,WR,16.5,Home
973,Calvin Ridley,WR,0.6,Away
974,Calvin Ridley,WR,3.2,Home
975,Calvin Ridley,WR,14.8,Away
976,Calvin Ridley,WR,10.8,Away
977,Calvin Ridley,WR,3.0,Home
978,Calvin Ridley,WR,9.0,Home
979,Calvin Ridley,WR,4.7,Away
980,Calvin Ridley,WR,20.3,Away
981,Calvin Ridley,WR,16.0,Home
982,Calvin Ridley,WR,9.1,Home
983,Calvin Ridley,WR,13.6,Home
984,David Montgomery,RB,4.5,Home
985,David Montgomery,RB,12.8,Away
986,David Montgomery,RB,8.1,Away
987,David Montgomery,RB,6.7,Home
988,David Montgomery,RB,9.6,Away
989,David Montgomery,RB,-0.1,Home
990,David Montgomery,RB,20.7,Home
991,David Montgomery,RB,19.6,Away
992,David Montgomery,RB,6.0,Home
993,David Montgomery,RB,5.0,Away
994,David Montgomery,RB,3.1,Home
995,David Montgomery,RB,14.7,Away
996,David Montgomery,RB,6.6,Home
997,David Montgomery,RB,4.9,Away
998,David Montgomery,RB,5.9,Home
999,David Montgomery,RB,17.3,Away
1000,Terry McLaurin,WR,18.5,Away
1001,Terry McLaurin,WR,12.2,Home
1002,Terry McLaurin,WR,13.0,Home
1003,Terry McLaurin,WR,5.1,Home
1004,Terry McLaurin,WR,22.0,Away
1005,Terry McLaurin,WR,1.1,Home
1006,Terry McLaurin,WR,3.9,Away
1007,Terry McLaurin,WR,3.9,Away
1008,Terry McLaurin,WR,6.9,Home
1009,Terry McLaurin,WR,7.2,Home
1010,Terry McLaurin,WR,0.8,Away
1011,Terry McLaurin,WR,11.7,Away
1012,Terry McLaurin,WR,19.0,Home
1013,Terry McLaurin,WR,8.6,Home
1014,Tyler Boyd,WR,6.3,Away
1015,Tyler Boyd,WR,12.2,Home
1016,Tyler Boyd,WR,6.8,Away
1017,Tyler Boyd,WR,3.3,Away
1018,Tyler Boyd,WR,18.3,Home
1019,Tyler Boyd,WR,1.0,Away
1020,Tyler Boyd,WR,3.5,Home
1021,Tyler Boyd,WR,6.8,Away
1022,Tyler Boyd,WR,6.2,Home
1023,Tyler Boyd,WR,1.0,Away
1024,Tyler Boyd,WR,14.1,Home
1025,Tyler Boyd,WR,11.9,Home
1026,Tyler Boyd,WR,8.2,Away
1027,Tyler Boyd,WR,2.6,Home
1028,Tyler Boyd,WR,24.8,Away
1029,Tyler Boyd,WR,5.9,Home
1030,Matt Ryan,QB,18.56,Away
1031,Matt Ryan,QB,19.1,Home
1032,Matt Ryan,QB,22.46,Away
1033,Matt Ryan,QB,15.68,Home
1034,Matt Ryan,QB,31.9,Away
1035,Matt Ryan,QB,30.94,Away
1036,Matt Ryan,QB,2.56,Home
1037,Matt Ryan,QB,14.58,Away
1038,Matt Ryan,QB,16.44,Away
1039,Matt Ryan,QB,7.64,Home
1040,Matt Ryan,QB,16.58,Home
1041,Matt Ryan,QB,21.32,Home
1042,Matt Ryan,QB,19.1,Away
1043,Matt Ryan,QB,15.96,Home
1044,Matt Ryan,QB,14.52,Away
1045,Deebo Samuel,WR,1.7,Away
1046,Deebo Samuel,WR,15.3,Away
1047,Deebo Samuel,WR,4.4,Home
1048,Deebo Samuel,WR,0.3,Home
1049,Deebo Samuel,WR,1.9,Away
1050,Deebo Samuel,WR,10.8,Home
1051,Deebo Samuel,WR,4.0,Away
1052,Deebo Samuel,WR,11.2,Home
1053,Deebo Samuel,WR,13.4,Home
1054,Deebo Samuel,WR,11.0,Home
1055,Deebo Samuel,WR,12.1,Away
1056,Deebo Samuel,WR,10.9,Away
1057,Deebo Samuel,WR,3.7,Home
1058,Deebo Samuel,WR,11.9,Home
1059,Deebo Samuel,WR,19.5,Away
1060,Marvin Jones,WR,6.0,Away
1061,Marvin Jones,WR,4.3,Home
1062,Marvin Jones,WR,16.1,Away
1063,Marvin Jones,WR,7.7,Home
1064,Marvin Jones,WR,1.7,Away
1065,Marvin Jones,WR,33.3,Home
1066,Marvin Jones,WR,2.2,Home
1067,Marvin Jones,WR,18.6,Away
1068,Marvin Jones,WR,7.7,Away
1069,Marvin Jones,WR,15.9,Home
1070,Marvin Jones,WR,4.6,Away
1071,Marvin Jones,WR,10.0,Home
1072,Marvin Jones,WR,3.8,Away
1073,Carlos Hyde,RB,8.5,Away
1074,Carlos Hyde,RB,9.0,Home
1075,Carlos Hyde,RB,7.9,Away
1076,Carlos Hyde,RB,6.4,Home
1077,Carlos Hyde,RB,12.0,Home
1078,Carlos Hyde,RB,17.0,Away
1079,Carlos Hyde,RB,3.5,Away
1080,Carlos Hyde,RB,8.3,Home
1081,Carlos Hyde,RB,14.0,Away
1082,Carlos Hyde,RB,12.5,Away
1083,Carlos Hyde,RB,6.7,Home
1084,Carlos Hyde,RB,2.2,Home
1085,Carlos Hyde,RB,7.8,Home
1086,Carlos Hyde,RB,16.4,Away
1087,Carlos Hyde,RB,9.7,Away
1088,Carlos Hyde,RB,1.3,Home
1089,Tyreek Hill,WR,2.1,Away
1090,Tyreek Hill,WR,20.0,Home
1091,Tyreek Hill,WR,13.4,Away
1092,Tyreek Hill,WR,8.1,Home
1093,Tyreek Hill,WR,20.5,Home
1094,Tyreek Hill,WR,22.0,Away
1096,Tyreek Hill,WR,5.1,Home
1097,Tyreek Hill,WR,7.0,Away
1098,Tyreek Hill,WR,18.8,Home
1099,Tyreek Hill,WR,7.2,Away
1100,Tyreek Hill,WR,6.1,Home
1101,Davante Adams,WR,3.6,Away
1102,Davante Adams,WR,10.6,Home
1103,Davante Adams,WR,5.6,Home
1104,Davante Adams,WR,18.0,Home
1105,Davante Adams,WR,4.1,Away
1106,Davante Adams,WR,11.8,Home
1107,Davante Adams,WR,12.3,Away
1108,Davante Adams,WR,18.4,Away
1109,Davante Adams,WR,4.1,Home
1110,Davante Adams,WR,16.3,Home
1111,Davante Adams,WR,9.6,Away
1112,Davante Adams,WR,15.3,Away
1113,Sony Michel,RB,1.4,Home
1114,Sony Michel,RB,12.3,Away
1115,Sony Michel,RB,7.1,Home
1116,Sony Michel,RB,6.3,Away
1117,Sony Michel,RB,18.3,Away
1118,Sony Michel,RB,11.3,Home
1119,Sony Michel,RB,21.4,Away
1120,Sony Michel,RB,7.4,Home
1121,Sony Michel,RB,3.0,Away
1122,Sony Michel,RB,4.4,Away
1123,Sony Michel,RB,8.5,Home
1124,Sony Michel,RB,4.5,Away
1125,Sony Michel,RB,0.9,Home
1126,Sony Michel,RB,10.3,Away
1127,Sony Michel,RB,10.1,Home
1128,Sony Michel,RB,13.4,Home
1129,Tom Brady,QB,25.64,Home
1130,Tom Brady,QB,24.66,Away
1131,Tom Brady,QB,20.14,Home
1132,Tom Brady,QB,3.7,Away
1133,Tom Brady,QB,23.92,Away
1134,Tom Brady,QB,21.96,Home
1135,Tom Brady,QB,11.96,Away
1136,Tom Brady,QB,18.36,Home
1137,Tom Brady,QB,13.4,Away
1138,Tom Brady,QB,8.54,Away
1139,Tom Brady,QB,11.3,Home
1140,Tom Brady,QB,24.34,Away
1141,Tom Brady,QB,10.76,Home
1142,Tom Brady,QB,12.92,Away
1143,Tom Brady,QB,17.24,Home
1144,Tom Brady,QB,14.84,Home
1145,Jason Witten,TE,7.5,Home
1146,Jason Witten,TE,8.5,Away
1147,Jason Witten,TE,5.4,Home
1148,Jason Witten,TE,3.0,Away
1149,Jason Witten,TE,2.9,Home
1150,Jason Witten,TE,5.7,Away
1151,Jason Witten,TE,3.3,Home
1152,Jason Witten,TE,5.8,Away
1153,Jason Witten,TE,1.7,Home
1154,Jason Witten,TE,3.3,Away
1155,Jason Witten,TE,0.5,Away
1156,Jason Witten,TE,12.2,Home
1157,Jason Witten,TE,3.7,Away
1158,Jason Witten,TE,9.6,Home
1159,Jason Witten,TE,1.4,Away
1160,Jason Witten,TE,2.4,Home
1171,Jared Goff,QB,9.44,Away
1172,Jared Goff,QB,19.12,Home
1173,Jared Goff,QB,14.12,Away
1174,Jared Goff,QB,20.68,Home
1175,Jared Goff,QB,17.9,Away
1176,Jared Goff,QB,1.12,Home
1177,Jared Goff,QB,25.02,Away
1178,Jared Goff,QB,22.88,Home
1179,Jared Goff,QB,3.72,Away
1180,Jared Goff,QB,5.22,Home
1181,Jared Goff,QB,4.38,Home
1182,Jared Goff,QB,24.96,Away
1183,Jared Goff,QB,16.12,Home
1184,Jared Goff,QB,17.56,Away
1185,Jared Goff,QB,20.12,Away
1186,Jared Goff,QB,25.16,Home
1187,Jimmy Garoppolo,QB,10.44,Away
1188,Jimmy Garoppolo,QB,22.64,Away
1189,Jimmy Garoppolo,QB,9.38,Home
1190,Jimmy Garoppolo,QB,14.94,Home
1191,Jimmy Garoppolo,QB,12.12,Away
1192,Jimmy Garoppolo,QB,6.04,Away
1193,Jimmy Garoppolo,QB,13.0,Home
1194,Jimmy Garoppolo,QB,28.88,Away
1195,Jimmy Garoppolo,QB,10.02,Home
1196,Jimmy Garoppolo,QB,29.66,Home
1197,Jimmy Garoppolo,QB,18.22,Home
1198,Jimmy Garoppolo,QB,9.1,Away
1199,Jimmy Garoppolo,QB,28.06,Away
1200,Jimmy Garoppolo,QB,12.6,Home
1201,Jimmy Garoppolo,QB,10.42,Home
1202,Jimmy Garoppolo,QB,11.8,Away
1203,Derek Carr,QB,14.56,Home
1204,Derek Carr,QB,9.72,Home
1205,Derek Carr,QB,15.68,Away
1206,Derek Carr,QB,13.46,Away
1207,Derek Carr,QB,7.96,Home
1208,Derek Carr,QB,15.72,Away
1209,Derek Carr,QB,23.4,Away
1210,Derek Carr,QB,19.56,Home
1211,Derek Carr,QB,13.12,Home
1212,Derek Carr,QB,19.78,Home
1213,Derek Carr,QB,4.18,Away
1214,Derek Carr,QB,9.58,Away
1215,Derek Carr,QB,20.18,Home
1216,Derek Carr,QB,15.88,Home
1217,Derek Carr,QB,21.94,Away
1218,Derek Carr,QB,19.64,Away
1219,Kirk Cousins,QB,14.32,Home
1220,Kirk Cousins,QB,8.9,Away
1221,Kirk Cousins,QB,12.56,Home
1222,Kirk Cousins,QB,7.32,Away
1223,Kirk Cousins,QB,20.54,Away
1224,Kirk Cousins,QB,27.32,Home
1225,Kirk Cousins,QB,29.22,Away
1226,Kirk Cousins,QB,11.6,Home
1227,Kirk Cousins,QB,21.3,Away
1228,Kirk Cousins,QB,19.3,Away
1229,Kirk Cousins,QB,22.86,Home
1230,Kirk Cousins,QB,17.04,Away
1231,Kirk Cousins,QB,13.58,Home
1232,Kirk Cousins,QB,11.68,Away
1233,Kirk Cousins,QB,6.88,Home
1234,Ryan Fitzpatrick,QB,10.2,Home
1235,Ryan Fitzpatrick,QB,-1.84,Home
1236,Ryan Fitzpatrick,QB,1.16,Away
1237,Ryan Fitzpatrick,QB,9.78,Home
1238,Ryan Fitzpatrick,QB,20.58,Away
1239,Ryan Fitzpatrick,QB,11.3,Away
1240,Ryan Fitzpatrick,QB,23.72,Home
1241,Ryan Fitzpatrick,QB,13.06,Away
1242,Ryan Fitzpatrick,QB,12.92,Home
1243,Ryan Fitzpatrick,QB,23.06,Away
1244,Ryan Fitzpatrick,QB,26.8,Home
1245,Ryan Fitzpatrick,QB,14.3,Away
1246,Ryan Fitzpatrick,QB,20.46,Away
1247,Ryan Fitzpatrick,QB,31.66,Home
1248,Ryan Fitzpatrick,QB,24.3,Away
1249,Philip Rivers,QB,23.92,Home
1250,Philip Rivers,QB,10.92,Away
1251,Philip Rivers,QB,19.62,Home
1252,Philip Rivers,QB,20.4,Away
1253,Philip Rivers,QB,4.14,Home
1254,Philip Rivers,QB,14.8,Home
1255,Philip Rivers,QB,21.16,Away
1256,Philip Rivers,QB,10.04,Away
1257,Philip Rivers,QB,11.76,Home
1258,Philip Rivers,QB,10.28,Away
1259,Philip Rivers,QB,12.12,Home
1260,Philip Rivers,QB,16.6,Away
1261,Philip Rivers,QB,24.56,Away
1262,Philip Rivers,QB,8.28,Home
1263,Philip Rivers,QB,11.16,Home
1264,Philip Rivers,QB,15.74,Away
1265,Baker Mayfield,QB,9.4,Home
1266,Baker Mayfield,QB,15.0,Away
1267,Baker Mayfield,QB,9.7,Home
1268,Baker Mayfield,QB,15.78,Away
1269,Baker Mayfield,QB,-2.0,Away
1270,Baker Mayfield,QB,19.46,Home
1271,Baker Mayfield,QB,11.56,Away
1272,Baker Mayfield,QB,17.12,Away
1273,Baker Mayfield,QB,17.62,Home
1274,Baker Mayfield,QB,21.82,Home
1275,Baker Mayfield,QB,23.58,Home
1276,Baker Mayfield,QB,8.04,Away
1277,Baker Mayfield,QB,10.98,Home
1278,Baker Mayfield,QB,16.98,Away
1279,Baker Mayfield,QB,14.08,Home
1280,Baker Mayfield,QB,20.06,Away
1281,Gardner Minshew II,QB,17.6,Home
1282,Gardner Minshew II,QB,16.12,Away
1283,Gardner Minshew II,QB,17.96,Home
1284,Gardner Minshew II,QB,16.72,Away
1285,Gardner Minshew II,QB,21.16,Away
1286,Gardner Minshew II,QB,4.62,Home
1287,Gardner Minshew II,QB,21.0,Away
1288,Gardner Minshew II,QB,23.96,Home
1289,Gardner Minshew II,QB,7.76,Home
1290,Gardner Minshew II,QB,10.68,Home
1291,Gardner Minshew II,QB,13.58,Home
1292,Gardner Minshew II,QB,18.74,Away
1293,Gardner Minshew II,QB,14.84,Away
1294,Gardner Minshew II,QB,24.5,Home
1295,Drew Brees,QB,20.8,Home
1296,Drew Brees,QB,-0.48,Away
1297,Drew Brees,QB,24.92,Home
1298,Drew Brees,QB,11.48,Home
1299,Drew Brees,QB,21.12,Away
1300,Drew Brees,QB,22.44,Home
1301,Drew Brees,QB,11.26,Away
1302,Drew Brees,QB,40.06,Home
1303,Drew Brees,QB,28.28,Home
1304,Drew Brees,QB,22.86,Away
1305,Drew Brees,QB,22.02,Away
1307,Ryan Tannehill,QB,4.36,Away
1308,Ryan Tannehill,QB,19.18,Home
1309,Ryan Tannehill,QB,19.42,Home
1310,Ryan Tannehill,QB,23.04,Away
1311,Ryan Tannehill,QB,18.94,Home
1312,Ryan Tannehill,QB,32.36,Home
1313,Ryan Tannehill,QB,13.78,Away
1314,Ryan Tannehill,QB,27.54,Away
1315,Ryan Tannehill,QB,24.16,Home
1316,Ryan Tannehill,QB,23.68,Home
1317,Ryan Tannehill,QB,17.92,Away
1318,Jacoby Brissett,QB,16.5,Away
1319,Jacoby Brissett,QB,16.34,Away
1320,Jacoby Brissett,QB,20.8,Home
1321,Jacoby Brissett,QB,22.5,Home
1322,Jacoby Brissett,QB,10.94,Away
1323,Jacoby Brissett,QB,27.64,Home
1324,Jacoby Brissett,QB,9.48,Home
1325,Jacoby Brissett,QB,2.76,Away
1326,Jacoby Brissett,QB,15.12,Home
1327,Jacoby Brissett,QB,13.16,Away
1328,Jacoby Brissett,QB,12.66,Home
1329,Jacoby Brissett,QB,22.64,Away
1330,Jacoby Brissett,QB,7.3,Away
1331,Jacoby Brissett,QB,14.66,Home
1332,Jacoby Brissett,QB,4.18,Away
1333,Daniel Jones,QB,-0.82,Away
1334,Daniel Jones,QB,34.24,Away
1335,Daniel Jones,QB,12.3,Home
1336,Daniel Jones,QB,10.48,Home
1337,Daniel Jones,QB,5.24,Away
1338,Daniel Jones,QB,10.42,Home
1339,Daniel Jones,QB,28.18,Away
1340,Daniel Jones,QB,11.8,Home
1341,Daniel Jones,QB,30.32,Away
1342,Daniel Jones,QB,14.7,Away
1343,Daniel Jones,QB,8.2,Home
1344,Daniel Jones,QB,35.28,Away
1345,Daniel Jones,QB,14.64,Home
1346,Andy Dalton,QB,20.72,Away
1347,Andy Dalton,QB,18.64,Home
1348,Andy Dalton,QB,16.1,Away
1349,Andy Dalton,QB,3.64,Away
1350,Andy Dalton,QB,18.98,Home
1351,Andy Dalton,QB,13.6,Away
1352,Andy Dalton,QB,18.34,Home
1353,Andy Dalton,QB,17.16,Away
1354,Andy Dalton,QB,13.32,Home
1355,Andy Dalton,QB,9.58,Away
1356,Andy Dalton,QB,2.14,Home
1357,Andy Dalton,QB,33.84,Away
1358,Andy Dalton,QB,16.6,Home
1359,Mitchell Trubisky,QB,8.22,Home
1360,Mitchell Trubisky,QB,5.6,Away
1361,Mitchell Trubisky,QB,19.44,Away
1362,Mitchell Trubisky,QB,0.36,Home
1363,Mitchell Trubisky,QB,20.04,Home
1364,Mitchell Trubisky,QB,7.12,Home
1365,Mitchell Trubisky,QB,6.5,Away
1366,Mitchell Trubisky,QB,19.72,Home
1367,Mitchell Trubisky,QB,10.0,Away
1368,Mitchell Trubisky,QB,18.92,Home
1369,Mitchell Trubisky,QB,23.92,Away
1370,Mitchell Trubisky,QB,32.06,Home
1371,Mitchell Trubisky,QB,16.26,Away
1372,Mitchell Trubisky,QB,8.28,Home
1373,Mitchell Trubisky,QB,6.38,Away
1374,Sam Darnold,QB,13.0,Home
1375,Sam Darnold,QB,19.62,Home
1376,Sam Darnold,QB,-6.66,Home
1377,Sam Darnold,QB,12.62,Away
1378,Sam Darnold,QB,12.5,Away
1379,Sam Darnold,QB,21.7,Home
1380,Sam Darnold,QB,25.42,Away
1381,Sam Darnold,QB,28.2,Home
1382,Sam Darnold,QB,10.46,Away
1383,Sam Darnold,QB,17.1,Home
1384,Sam Darnold,QB,15.82,Away
1385,Sam Darnold,QB,9.62,Home
1386,Sam Darnold,QB,9.76,Away
1387,Kyle Allen,QB,24.34,Away
1388,Kyle Allen,QB,3.28,Away
1389,Kyle Allen,QB,11.64,Home
1390,Kyle Allen,QB,17.38,Away
1391,Kyle Allen,QB,0.32,Away
1392,Kyle Allen,QB,14.88,Home
1393,Kyle Allen,QB,13.48,Away
1394,Kyle Allen,QB,5.7,Home
1395,Kyle Allen,QB,23.14,Away
1396,Kyle Allen,QB,23.32,Home
1397,Kyle Allen,QB,18.12,Away
1398,Kyle Allen,QB,11.58,Home
1399,Kyle Allen,QB,10.3,Home
1400,Matthew Stafford,QB,27.6,Away
1401,Matthew Stafford,QB,15.1,Home
1402,Matthew Stafford,QB,12.14,Away
1403,Matthew Stafford,QB,23.44,Home
1404,Matthew Stafford,QB,11.5,Away
1405,Matthew Stafford,QB,28.56,Home
1406,Matthew Stafford,QB,23.38,Home
1407,Matthew Stafford,QB,24.84,Away
1408,Devonta Freeman,RB,1.1,Away
1409,Devonta Freeman,RB,6.4,Home
1410,Devonta Freeman,RB,9.5,Away
1411,Devonta Freeman,RB,10.0,Home
1412,Devonta Freeman,RB,13.0,Away
1413,Devonta Freeman,RB,23.8,Away
1414,Devonta Freeman,RB,2.5,Home
1415,Devonta Freeman,RB,8.2,Home
1416,Devonta Freeman,RB,4.8,Away
1417,Devonta Freeman,RB,6.4,Home
1418,Devonta Freeman,RB,15.4,Home
1419,Devonta Freeman,RB,5.5,Away
1420,Devonta Freeman,RB,24.7,Home
1421,Devonta Freeman,RB,7.3,Away
1422,Melvin Gordon,RB,3.8,Home
1423,Melvin Gordon,RB,4.8,Home
1424,Melvin Gordon,RB,6.9,Away
1425,Melvin Gordon,RB,9.4,Away
1426,Melvin Gordon,RB,22.9,Home
1427,Melvin Gordon,RB,19.3,Away
1428,Melvin Gordon,RB,9.0,Home
1429,Melvin Gordon,RB,11.0,Away
1430,Melvin Gordon,RB,14.4,Away
1431,Melvin Gordon,RB,2.4,Home
1432,Melvin Gordon,RB,16.7,Home
1433,Melvin Gordon,RB,18.2,Away
1434,Ronald Jones II,RB,9.3,Home
1435,Ronald Jones II,RB,0.9,Away
1436,Ronald Jones II,RB,12.1,Home
1437,Ronald Jones II,RB,14.2,Away
1438,Ronald Jones II,RB,5.6,Away
1439,Ronald Jones II,RB,7.0,Home
1440,Ronald Jones II,RB,5.2,Away
1441,Ronald Jones II,RB,14.2,Away
1442,Ronald Jones II,RB,14.6,Home
1443,Ronald Jones II,RB,1.4,Home
1444,Ronald Jones II,RB,12.7,Away
1445,Ronald Jones II,RB,0.8,Away
1446,Ronald Jones II,RB,5.9,Home
1447,Ronald Jones II,RB,4.9,Away
1448,Ronald Jones II,RB,16.9,Home
1449,Ronald Jones II,RB,9.6,Home
1450,Adrian Peterson,RB,9.2,Home
1451,Adrian Peterson,RB,3.4,Home
1452,Adrian Peterson,RB,2.8,Away
1453,Adrian Peterson,RB,1.8,Home
1454,Adrian Peterson,RB,13.6,Away
1455,Adrian Peterson,RB,6.1,Home
1456,Adrian Peterson,RB,10.3,Away
1457,Adrian Peterson,RB,13.0,Away
1458,Adrian Peterson,RB,3.0,Home
1459,Adrian Peterson,RB,4.9,Home
1460,Adrian Peterson,RB,15.9,Away
1461,Adrian Peterson,RB,13.6,Away
1462,Adrian Peterson,RB,15.1,Home
1463,Adrian Peterson,RB,11.5,Home
1464,Adrian Peterson,RB,5.8,Away
1465,D.K. Metcalf,WR,8.9,Home
1466,D.K. Metcalf,WR,12.1,Away
1467,D.K. Metcalf,WR,6.7,Home
1468,D.K. Metcalf,WR,0.6,Away
1469,D.K. Metcalf,WR,10.4,Home
1470,D.K. Metcalf,WR,7.3,Away
1471,D.K. Metcalf,WR,3.3,Home
1472,D.K. Metcalf,WR,13.3,Away
1473,D.K. Metcalf,WR,21.0,Home
1474,D.K. Metcalf,WR,5.0,Away
1475,D.K. Metcalf,WR,3.5,Away
1476,D.K. Metcalf,WR,5.5,Home
1477,D.K. Metcalf,WR,7.8,Away
1478,D.K. Metcalf,WR,9.6,Away
1480,D.K. Metcalf,WR,14.1,Home
1481,James White,RB,8.2,Home
1482,James White,RB,8.9,Away
1483,James White,RB,5.8,Away
1484,James White,RB,7.2,Away
1485,James White,RB,4.5,Home
1486,James White,RB,5.9,Away
1487,James White,RB,7.9,Home
1488,James White,RB,14.4,Away
1489,James White,RB,5.6,Away
1491,James White,RB,29.7,Away
1492,James White,RB,7.4,Home
1493,James White,RB,12.2,Away
1494,James White,RB,2.9,Home
1495,James White,RB,7.7,Home
1496,Odell Beckham Jr.,WR,7.1,Home
1497,Odell Beckham Jr.,WR,22.1,Away
1498,Odell Beckham Jr.,WR,5.6,Home
1499,Odell Beckham Jr.,WR,2.0,Away
1500,Odell Beckham Jr.,WR,3.0,Away
1501,Odell Beckham Jr.,WR,10.1,Home
1502,Odell Beckham Jr.,WR,5.2,Away
1503,Odell Beckham Jr.,WR,8.2,Away
1504,Odell Beckham Jr.,WR,5.7,Home
1505,Odell Beckham Jr.,WR,6.0,Home
1506,Odell Beckham Jr.,WR,14.4,Home
1507,Odell Beckham Jr.,WR,2.9,Away
1508,Odell Beckham Jr.,WR,3.9,Home
1509,Odell Beckham Jr.,WR,6.6,Away
1510,Odell Beckham Jr.,WR,10.4,Home
1511,Odell Beckham Jr.,WR,14.1,Away
1512,Emmanuel Sanders,WR,14.6,Away
1513,Emmanuel Sanders,WR,17.8,Home
1514,Emmanuel Sanders,WR,1.0,Away
1515,Emmanuel Sanders,WR,10.4,Home
1516,Emmanuel Sanders,WR,0.9,Away
1518,Emmanuel Sanders,WR,6.0,Home
1519,Emmanuel Sanders,WR,8.5,Home
1520,Emmanuel Sanders,WR,17.2,Away
1521,Emmanuel Sanders,WR,2.4,Home
1522,Emmanuel Sanders,WR,3.3,Home
1523,Emmanuel Sanders,WR,1.5,Home
1524,Emmanuel Sanders,WR,4.1,Away
1525,Emmanuel Sanders,WR,27.1,Away
1526,Emmanuel Sanders,WR,0.9,Home
1527,Emmanuel Sanders,WR,6.1,Home
1528,Emmanuel Sanders,WR,2.5,Away
1529,Latavius Murray,RB,10.7,Home
1530,Latavius Murray,RB,2.3,Away
1531,Latavius Murray,RB,0.2,Away
1532,Latavius Murray,RB,2.0,Home
1533,Latavius Murray,RB,3.4,Home
1534,Latavius Murray,RB,7.9,Away
1535,Latavius Murray,RB,27.0,Away
1536,Latavius Murray,RB,27.7,Home
1537,Latavius Murray,RB,1.9,Home
1538,Latavius Murray,RB,3.2,Away
1539,Latavius Murray,RB,12.4,Home
1540,Latavius Murray,RB,0.2,Away
1541,Latavius Murray,RB,9.4,Home
1542,Latavius Murray,RB,4.9,Home
1543,Latavius Murray,RB,2.5,Away
1544,Latavius Murray,RB,7.5,Away
1545,Darius Slayton,WR,8.2,Away
1546,Darius Slayton,WR,1.3,Home
1547,Darius Slayton,WR,12.2,Home
1548,Darius Slayton,WR,3.2,Away
1549,Darius Slayton,WR,2.8,Home
1550,Darius Slayton,WR,17.0,Away
1551,Darius Slayton,WR,0.6,Home
1552,Darius Slayton,WR,24.1,Away
1553,Darius Slayton,WR,6.7,Away
1554,Darius Slayton,WR,4.4,Home
1555,Darius Slayton,WR,27.4,Away
1556,Darius Slayton,WR,9.1,Home
1558,Darius Slayton,WR,5.0,Home
1559,Jamison Crowder,WR,10.3,Home
1560,Jamison Crowder,WR,4.0,Home
1561,Jamison Crowder,WR,2.5,Away
1562,Jamison Crowder,WR,1.0,Away
1563,Jamison Crowder,WR,9.8,Home
1564,Jamison Crowder,WR,2.6,Home
1565,Jamison Crowder,WR,2.4,Away
1566,Jamison Crowder,WR,14.3,Away
1567,Jamison Crowder,WR,14.1,Home
1568,Jamison Crowder,WR,13.6,Away
1569,Jamison Crowder,WR,1.8,Home
1570,Jamison Crowder,WR,0.8,Away
1571,Jamison Crowder,WR,2.9,Home
1572,Jamison Crowder,WR,21.0,Away
1573,Jamison Crowder,WR,6.0,Home
1574,Jamison Crowder,WR,12.6,Away
1575,Devin Singletary,RB,9.8,Away
1576,Devin Singletary,RB,11.7,Away
1577,Devin Singletary,RB,2.6,Home
1578,Devin Singletary,RB,10.9,Home
1579,Devin Singletary,RB,20.0,Home
1580,Devin Singletary,RB,5.0,Away
1581,Devin Singletary,RB,7.9,Away
1582,Devin Singletary,RB,11.4,Home
1583,Devin Singletary,RB,16.1,Away
1584,Devin Singletary,RB,11.8,Home
1585,Devin Singletary,RB,6.9,Away
1586,Devin Singletary,RB,4.8,Away
1587,Cole Beasley,WR,4.0,Away
1588,Cole Beasley,WR,8.3,Away
1589,Cole Beasley,WR,6.8,Home
1590,Cole Beasley,WR,7.5,Home
1591,Cole Beasley,WR,2.1,Away
1592,Cole Beasley,WR,7.6,Home
1593,Cole Beasley,WR,10.1,Home
1594,Cole Beasley,WR,7.3,Home
1595,Cole Beasley,WR,7.4,Away
1596,Cole Beasley,WR,3.8,Away
1597,Cole Beasley,WR,13.6,Home
1598,Cole Beasley,WR,17.0,Away
1599,Cole Beasley,WR,10.9,Home
1600,Cole Beasley,WR,0.6,Away
1601,Cole Beasley,WR,10.8,Away
1602,Curtis Samuel,WR,3.2,Home
1603,Curtis Samuel,WR,9.3,Home
1604,Curtis Samuel,WR,11.3,Away
1605,Curtis Samuel,WR,3.3,Away
1606,Curtis Samuel,WR,4.4,Home
1607,Curtis Samuel,WR,19.8,Away
1608,Curtis Samuel,WR,4.6,Away
1609,Curtis Samuel,WR,13.4,Home
1610,Curtis Samuel,WR,9.5,Away
1611,Curtis Samuel,WR,2.5,Home
1612,Curtis Samuel,WR,4.9,Away
1613,Curtis Samuel,WR,12.5,Home
1614,Curtis Samuel,WR,4.2,Away
1615,Curtis Samuel,WR,11.4,Home
1616,Curtis Samuel,WR,2.1,Away
1617,Curtis Samuel,WR,1.3,Home
1618,Tevin Coleman,RB,5.6,Away
1619,Tevin Coleman,RB,15.7,Home
1620,Tevin Coleman,RB,12.1,Away
1621,Tevin Coleman,RB,6.1,Away
1622,Tevin Coleman,RB,35.8,Home
1623,Tevin Coleman,RB,3.6,Away
1624,Tevin Coleman,RB,7.2,Home
1625,Tevin Coleman,RB,6.2,Home
1626,Tevin Coleman,RB,10.9,Home
1627,Tevin Coleman,RB,1.5,Away
1628,Tevin Coleman,RB,0.6,Away
1629,Tevin Coleman,RB,4.0,Home
1630,Tevin Coleman,RB,3.3,Home
1631,Tevin Coleman,RB,1.8,Away
1632,James Conner,RB,6.5,Away
1633,James Conner,RB,10.5,Home
1634,James Conner,RB,3.7,Away
1635,James Conner,RB,18.5,Home
1636,James Conner,RB,11.5,Home
1637,James Conner,RB,23.9,Away
1638,James Conner,RB,21.0,Home
1639,James Conner,RB,1.6,Away
1640,James Conner,RB,11.1,Home
1641,James Conner,RB,3.2,Away
1642,Mike Williams,WR,2.9,Home
1643,Mike Williams,WR,8.3,Away
1644,Mike Williams,WR,4.5,Home
1645,Mike Williams,WR,7.4,Home
1646,Mike Williams,WR,7.2,Home
1647,Mike Williams,WR,4.7,Away
1648,Mike Williams,WR,6.9,Away
1649,Mike Williams,WR,11.3,Home
1650,Mike Williams,WR,5.5,Away
1651,Mike Williams,WR,7.6,Home
1652,Mike Williams,WR,11.7,Away
1653,Mike Williams,WR,12.3,Away
1654,Mike Williams,WR,13.1,Home
1655,Mike Williams,WR,5.1,Home
1656,Mike Williams,WR,3.8,Away
1657,Damien Williams,RB,12.5,Away
1658,Damien Williams,RB,5.6,Away
1659,Damien Williams,RB,3.8,Home
1660,Damien Williams,RB,8.0,Home
1661,Damien Williams,RB,0.6,Away
1662,Damien Williams,RB,9.0,Home
1663,Damien Williams,RB,18.8,Home
1664,Damien Williams,RB,8.9,Away
1665,Damien Williams,RB,1.3,Away
1666,Damien Williams,RB,15.2,Away
1667,Damien Williams,RB,27.4,Home
1668,Robby Anderson,WR,2.3,Home
1669,Robby Anderson,WR,8.1,Home
1670,Robby Anderson,WR,1.1,Away
1671,Robby Anderson,WR,1.6,Away
1672,Robby Anderson,WR,18.5,Home
1673,Robby Anderson,WR,1.0,Home
1674,Robby Anderson,WR,4.3,Away
1675,Robby Anderson,WR,3.3,Away
1676,Robby Anderson,WR,1.1,Home
1677,Robby Anderson,WR,6.6,Away
1678,Robby Anderson,WR,14.6,Home
1679,Robby Anderson,WR,10.1,Away
1680,Robby Anderson,WR,18.1,Home
1681,Robby Anderson,WR,8.6,Away
1682,Robby Anderson,WR,9.2,Home
1683,Robby Anderson,WR,1.8,Away
1684,Chris Conley,WR,15.7,Home
1685,Chris Conley,WR,7.3,Away
1686,Chris Conley,WR,3.0,Home
1687,Chris Conley,WR,1.7,Away
1688,Chris Conley,WR,2.6,Away
1690,Chris Conley,WR,10.3,Away
1691,Chris Conley,WR,16.3,Home
1692,Chris Conley,WR,3.2,Home
1693,Chris Conley,WR,5.8,Away
1694,Chris Conley,WR,4.9,Away
1695,Chris Conley,WR,5.7,Home
1696,Chris Conley,WR,0.7,Home
1697,Chris Conley,WR,16.9,Away
1698,Chris Conley,WR,11.6,Away
1699,Chris Conley,WR,3.8,Home
1700,Duke Johnson,RB,9.0,Away
1701,Duke Johnson,RB,3.1,Home
1702,Duke Johnson,RB,2.4,Away
1703,Duke Johnson,RB,7.8,Home
1704,Duke Johnson,RB,6.7,Home
1705,Duke Johnson,RB,11.4,Away
1706,Duke Johnson,RB,5.6,Away
1707,Duke Johnson,RB,9.4,Home
1708,Duke Johnson,RB,14.1,Away
1709,Duke Johnson,RB,4.4,Away
1710,Duke Johnson,RB,3.0,Home
1711,Duke Johnson,RB,15.0,Home
1712,Duke Johnson,RB,4.5,Home
1713,Duke Johnson,RB,2.3,Away
1714,Duke Johnson,RB,-0.4,Away
1715,Duke Johnson,RB,11.7,Home
1716,Mason Rudolph,QB,11.18,Home
1717,Mason Rudolph,QB,14.46,Away
1718,Mason Rudolph,QB,16.86,Home
1719,Mason Rudolph,QB,9.24,Home
1720,Mason Rudolph,QB,16.04,Home
1721,Mason Rudolph,QB,10.14,Home
1722,Mason Rudolph,QB,13.58,Home
1723,Mason Rudolph,QB,6.34,Away
1724,Mason Rudolph,QB,1.8,Away
1725,Mason Rudolph,QB,9.16,Away
1726,Jamaal Williams,RB,1.5,Away
1727,Jamaal Williams,RB,10.1,Home
1728,Jamaal Williams,RB,8.6,Home
1730,Jamaal Williams,RB,19.6,Home
1731,Jamaal Williams,RB,9.1,Home
1732,Jamaal Williams,RB,15.6,Away
1733,Jamaal Williams,RB,10.9,Away
1734,Jamaal Williams,RB,6.3,Home
1735,Jamaal Williams,RB,8.0,Away
1736,Jamaal Williams,RB,6.7,Away
1737,Jamaal Williams,RB,2.4,Home
1738,Jamaal Williams,RB,3.3,Home
1739,Jamaal Williams,RB,5.2,Away
1740,David Johnson,RB,19.7,Home
1741,David Johnson,RB,7.4,Away
1742,David Johnson,RB,12.5,Home
1743,David Johnson,RB,13.9,Home
1744,David Johnson,RB,15.6,Away
1745,David Johnson,RB,22.2,Home
1746,David Johnson,RB,0.2,Away
1747,David Johnson,RB,-1.0,Away
1749,David Johnson,RB,2.4,Home
1750,David Johnson,RB,11.3,Home
1751,David Johnson,RB,0.6,Home
1752,David Johnson,RB,0.7,Away
1753,Diontae Johnson,WR,2.5,Away
1754,Diontae Johnson,WR,1.7,Home
1755,Diontae Johnson,WR,11.8,Away
1756,Diontae Johnson,WR,11.7,Home
1757,Diontae Johnson,WR,2.7,Home
1758,Diontae Johnson,WR,1.4,Away
1759,Diontae Johnson,WR,14.4,Home
1760,Diontae Johnson,WR,0.5,Home
1761,Diontae Johnson,WR,6.4,Home
1762,Diontae Johnson,WR,1.7,Away
1763,Diontae Johnson,WR,2.9,Away
1764,Diontae Johnson,WR,3.1,Home
1765,Diontae Johnson,WR,19.6,Away
1766,Diontae Johnson,WR,4.2,Home
1767,Diontae Johnson,WR,14.1,Away
1768,Diontae Johnson,WR,5.4,Away
1769,Case Keenum,QB,27.2,Away
1770,Case Keenum,QB,16.74,Home
1771,Case Keenum,QB,11.58,Home
1772,Case Keenum,QB,-0.52,Away
1773,Case Keenum,QB,15.64,Away
1774,Case Keenum,QB,3.08,Home
1775,Case Keenum,QB,3.2,Away
1777,Case Keenum,QB,16.42,Home
1778,Case Keenum,QB,10.24,Away
1779,Golden Tate,WR,1.3,Home
1780,Golden Tate,WR,16.2,Away
1781,Golden Tate,WR,8.0,Home
1782,Golden Tate,WR,8.5,Away
1783,Golden Tate,WR,5.8,Home
1784,Golden Tate,WR,19.5,Away
1785,Golden Tate,WR,9.3,Away
1786,Golden Tate,WR,1.1,Away
1787,Golden Tate,WR,11.1,Home
1788,Golden Tate,WR,9.6,Away
1789,Golden Tate,WR,12.8,Home
1790,Larry Fitzgerald,WR,17.3,Home
1791,Larry Fitzgerald,WR,10.4,Away
1792,Larry Fitzgerald,WR,9.6,Home
1793,Larry Fitzgerald,WR,4.7,Home
1794,Larry Fitzgerald,WR,5.8,Away
1795,Larry Fitzgerald,WR,6.9,Home
1796,Larry Fitzgerald,WR,1.2,Away
1797,Larry Fitzgerald,WR,0.8,Away
1798,Larry Fitzgerald,WR,3.8,Home
1799,Larry Fitzgerald,WR,7.1,Away
1800,Larry Fitzgerald,WR,7.7,Away
1801,Larry Fitzgerald,WR,5.6,Home
1802,Larry Fitzgerald,WR,2.0,Home
1803,Larry Fitzgerald,WR,4.2,Home
1804,Larry Fitzgerald,WR,10.8,Away
1805,Larry Fitzgerald,WR,4.5,Away
1806,Breshad Perriman,WR,1.0,Home
1808,Breshad Perriman,WR,1.9,Home
1811,Breshad Perriman,WR,10.2,Away
1812,Breshad Perriman,WR,1.7,Home
1813,Breshad Perriman,WR,2.0,Home
1814,Breshad Perriman,WR,4.4,Away
1815,Breshad Perriman,WR,8.7,Away
1816,Breshad Perriman,WR,13.0,Home
1817,Breshad Perriman,WR,29.6,Away
1818,Breshad Perriman,WR,10.2,Home
1819,Breshad Perriman,WR,19.4,Home
1820,Peyton Barber,RB,4.5,Home
1821,Peyton Barber,RB,14.9,Away
1822,Peyton Barber,RB,5.5,Home
1823,Peyton Barber,RB,7.9,Away
1824,Peyton Barber,RB,9.1,Away
1825,Peyton Barber,RB,2.8,Home
1826,Peyton Barber,RB,2.8,Away
1827,Peyton Barber,RB,1.5,Away
1828,Peyton Barber,RB,10.7,Home
1829,Peyton Barber,RB,7.1,Home
1830,Peyton Barber,RB,3.2,Away
1831,Peyton Barber,RB,18.4,Away
1832,Peyton Barber,RB,5.3,Home
1833,Peyton Barber,RB,4.0,Away
1834,Peyton Barber,RB,-0.7,Home
1835,Peyton Barber,RB,3.5,Home
1836,Jordan Howard,RB,5.5,Home
1837,Jordan Howard,RB,2.6,Away
1838,Jordan Howard,RB,9.7,Home
1839,Jordan Howard,RB,29.5,Away
1840,Jordan Howard,RB,12.2,Home
1841,Jordan Howard,RB,4.9,Away
1842,Jordan Howard,RB,5.6,Away
1843,Jordan Howard,RB,17.1,Away
1844,Jordan Howard,RB,14.3,Home
1846,Tyrell Williams,WR,16.5,Home
1847,Tyrell Williams,WR,10.6,Home
1848,Tyrell Williams,WR,8.9,Away
1849,Tyrell Williams,WR,9.6,Away
1850,Tyrell Williams,WR,15.1,Away
1851,Tyrell Williams,WR,4.8,Home
1852,Tyrell Williams,WR,2.5,Home
1853,Tyrell Williams,WR,8.2,Home
1854,Tyrell Williams,WR,1.8,Away
1855,Tyrell Williams,WR,0.9,Away
1856,Tyrell Williams,WR,3.5,Home
1857,Tyrell Williams,WR,10.5,Home
1858,Tyrell Williams,WR,8.2,Away
1860,Marquise Brown,WR,26.7,Away
1861,Marquise Brown,WR,8.6,Home
1862,Marquise Brown,WR,4.9,Away
1863,Marquise Brown,WR,2.2,Home
1864,Marquise Brown,WR,8.2,Away
1865,Marquise Brown,WR,4.8,Home
1866,Marquise Brown,WR,14.0,Away
1867,Marquise Brown,WR,2.3,Home
1868,Marquise Brown,WR,16.2,Away
1869,Marquise Brown,WR,0.1,Home
1871,Marquise Brown,WR,10.5,Home
1872,Marquise Brown,WR,0.6,Away
1873,Marquise Brown,WR,1.5,Home
1874,Randall Cobb,WR,12.9,Home
1875,Randall Cobb,WR,3.5,Away
1876,Randall Cobb,WR,2.3,Home
1877,Randall Cobb,WR,4.1,Away
1878,Randall Cobb,WR,5.3,Home
1879,Randall Cobb,WR,2.9,Home
1880,Randall Cobb,WR,1.5,Away
1881,Randall Cobb,WR,16.6,Home
1882,Randall Cobb,WR,17.5,Away
1883,Randall Cobb,WR,8.6,Away
1884,Randall Cobb,WR,5.3,Home
1885,Randall Cobb,WR,4.3,Away
1887,Randall Cobb,WR,7.3,Away
1888,Randall Cobb,WR,8.1,Home
1889,Christian Kirk,WR,6.4,Home
1890,Christian Kirk,WR,11.4,Away
1891,Christian Kirk,WR,5.9,Home
1892,Christian Kirk,WR,4.3,Home
1893,Christian Kirk,WR,9.8,Away
1894,Christian Kirk,WR,1.6,Home
1895,Christian Kirk,WR,31.8,Away
1896,Christian Kirk,WR,4.2,Away
1897,Christian Kirk,WR,2.3,Home
1898,Christian Kirk,WR,8.9,Home
1899,Christian Kirk,WR,6.1,Home
1900,Christian Kirk,WR,0.9,Away
1901,Christian Kirk,WR,6.6,Away
1902,Royce Freeman,RB,6.1,Away
1903,Royce Freeman,RB,10.2,Home
1904,Royce Freeman,RB,7.3,Away
1905,Royce Freeman,RB,5.0,Home
1906,Royce Freeman,RB,6.7,Away
1907,Royce Freeman,RB,7.6,Home
1908,Royce Freeman,RB,12.7,Home
1909,Royce Freeman,RB,10.5,Away
1910,Royce Freeman,RB,1.4,Home
1911,Royce Freeman,RB,4.5,Away
1912,Royce Freeman,RB,2.9,Away
1913,Royce Freeman,RB,2.4,Home
1914,Royce Freeman,RB,9.2,Away
1915,Royce Freeman,RB,2.6,Away
1916,Royce Freeman,RB,9.7,Home
1917,Royce Freeman,RB,0.4,Home
1919,Mecole Hardman,WR,12.1,Away
1920,Mecole Hardman,WR,16.4,Home
1921,Mecole Hardman,WR,-1.1,Away
1922,Mecole Hardman,WR,7.3,Home
1923,Mecole Hardman,WR,4.5,Home
1924,Mecole Hardman,WR,8.8,Away
1925,Mecole Hardman,WR,11.5,Home
1926,Mecole Hardman,WR,-1.3,Home
1927,Mecole Hardman,WR,12.3,Away
1928,Mecole Hardman,WR,1.3,Away
1929,Mecole Hardman,WR,0.9,Home
1930,Mecole Hardman,WR,10.8,Away
1931,Mecole Hardman,WR,1.0,Home
1933,Mecole Hardman,WR,9.0,Home
1936,Zach Pascal,WR,11.3,Home
1937,Zach Pascal,WR,7.2,Home
1938,Zach Pascal,WR,2.0,Away
1939,Zach Pascal,WR,22.6,Home
1940,Zach Pascal,WR,0.6,Home
1941,Zach Pascal,WR,13.6,Away
1942,Zach Pascal,WR,2.6,Home
1943,Zach Pascal,WR,1.7,Home
1945,Zach Pascal,WR,10.9,Home
1946,Zach Pascal,WR,15.4,Away
1947,Zach Pascal,WR,4.4,Away
1948,Zach Pascal,WR,0.6,Home
1949,Zach Pascal,WR,1.4,Away
1950,LeSean McCoy,RB,9.3,Away
1951,LeSean McCoy,RB,2.3,Away
1952,LeSean McCoy,RB,20.0,Home
1953,LeSean McCoy,RB,14.9,Away
1954,LeSean McCoy,RB,0.3,Home
1955,LeSean McCoy,RB,4.4,Home
1956,LeSean McCoy,RB,7.6,Away
1957,LeSean McCoy,RB,4.3,Home
1958,LeSean McCoy,RB,0.9,Home
1959,LeSean McCoy,RB,11.7,Away
1960,LeSean McCoy,RB,9.0,Home
1961,LeSean McCoy,RB,4.3,Away
1962,LeSean McCoy,RB,1.6,Home
1963,Dede Westbrook,WR,9.2,Home
1964,Dede Westbrook,WR,0.3,Away
1965,Dede Westbrook,WR,5.0,Home
1966,Dede Westbrook,WR,6.6,Away
1967,Dede Westbrook,WR,8.2,Away
1968,Dede Westbrook,WR,5.3,Home
1969,Dede Westbrook,WR,11.7,Away
1971,Dede Westbrook,WR,3.2,Away
1972,Dede Westbrook,WR,6.9,Away
1973,Dede Westbrook,WR,14.0,Home
1974,Dede Westbrook,WR,2.5,Home
1975,Dede Westbrook,WR,2.1,Away
1976,Dede Westbrook,WR,0.5,Away
1977,Dede Westbrook,WR,15.2,Home
1978,Teddy Bridgewater,QB,7.1,Away
1979,Teddy Bridgewater,QB,16.28,Away
1980,Teddy Bridgewater,QB,6.52,Home
1981,Teddy Bridgewater,QB,27.26,Home
1982,Teddy Bridgewater,QB,13.6,Away
1983,Teddy Bridgewater,QB,19.94,Away
1986,Teddy Bridgewater,QB,0.26,Away
1987,James Washington,WR,5.1,Away
1988,James Washington,WR,2.3,Home
1989,James Washington,WR,1.4,Away
1991,James Washington,WR,5.2,Home
1992,James Washington,WR,2.1,Home
1993,James Washington,WR,6.9,Home
1994,James Washington,WR,13.0,Home
1995,James Washington,WR,4.9,Away
1996,James Washington,WR,15.8,Away
1997,James Washington,WR,17.1,Home
1998,James Washington,WR,3.3,Away
1999,James Washington,WR,8.3,Home
2000,James Washington,WR,4.1,Away
2002,Sammy Watkins,WR,37.8,Away
2003,Sammy Watkins,WR,4.9,Away
2004,Sammy Watkins,WR,6.4,Home
2005,Sammy Watkins,WR,3.4,Away
2007,Sammy Watkins,WR,4.5,Home
2008,Sammy Watkins,WR,6.3,Home
2009,Sammy Watkins,WR,5.1,Away
2010,Sammy Watkins,WR,2.6,Away
2012,Sammy Watkins,WR,5.0,Away
2013,Sammy Watkins,WR,6.9,Home
2014,Sammy Watkins,WR,2.8,Away
2015,Sammy Watkins,WR,0.8,Home
2016,Gus Edwards,RB,5.6,Away
2017,Gus Edwards,RB,1.1,Home
2018,Gus Edwards,RB,6.8,Away
2019,Gus Edwards,RB,3.6,Home
2020,Gus Edwards,RB,2.3,Away
2021,Gus Edwards,RB,3.4,Home
2022,Gus Edwards,RB,3.5,Away
2023,Gus Edwards,RB,8.7,Home
2024,Gus Edwards,RB,1.7,Away
2025,Gus Edwards,RB,17.2,Home
2026,Gus Edwards,RB,5.5,Away
2027,Gus Edwards,RB,2.2,Home
2028,Gus Edwards,RB,2.0,Away
2029,Gus Edwards,RB,3.5,Home
2030,Gus Edwards,RB,7.3,Away
2031,Gus Edwards,RB,11.2,Home
2032,DeAndre Washington,RB,0.8,Home
2033,DeAndre Washington,RB,3.5,Home
2034,DeAndre Washington,RB,2.2,Away
2035,DeAndre Washington,RB,2.6,Away
2036,DeAndre Washington,RB,9.6,Home
2037,DeAndre Washington,RB,4.1,Away
2038,DeAndre Washington,RB,2.7,Away
2039,DeAndre Washington,RB,2.8,Home
2040,DeAndre Washington,RB,1.9,Home
2041,DeAndre Washington,RB,1.3,Home
2042,DeAndre Washington,RB,1.9,Away
2043,DeAndre Washington,RB,4.9,Away
2044,DeAndre Washington,RB,15.6,Home
2045,DeAndre Washington,RB,2.2,Home
2046,DeAndre Washington,RB,16.6,Away
2047,DeAndre Washington,RB,13.2,Away
2048,Tarik Cohen,RB,4.9,Home
2049,Tarik Cohen,RB,2.5,Away
2050,Tarik Cohen,RB,2.4,Away
2051,Tarik Cohen,RB,7.8,Home
2052,Tarik Cohen,RB,4.9,Away
2053,Tarik Cohen,RB,2.9,Home
2054,Tarik Cohen,RB,4.6,Home
2055,Tarik Cohen,RB,1.6,Away
2056,Tarik Cohen,RB,9.7,Home
2057,Tarik Cohen,RB,13.4,Away
2058,Tarik Cohen,RB,5.4,Home
2059,Tarik Cohen,RB,3.5,Away
2060,Tarik Cohen,RB,3.1,Home
2061,Tarik Cohen,RB,8.5,Away
2062,Tarik Cohen,RB,3.3,Home
2063,Tarik Cohen,RB,6.4,Away
2064,Joe Flacco,QB,14.82,Away
2065,Joe Flacco,QB,15.68,Home
2066,Joe Flacco,QB,5.02,Away
2067,Joe Flacco,QB,22.02,Home
2068,Joe Flacco,QB,7.98,Away
2069,Joe Flacco,QB,4.98,Home
2070,Joe Flacco,QB,6.52,Home
2071,Joe Flacco,QB,7.86,Away
2072,Will Fuller,WR,6.9,Away
2073,Will Fuller,WR,4.0,Home
2074,Will Fuller,WR,5.1,Away
2075,Will Fuller,WR,2.3,Home
2076,Will Fuller,WR,39.7,Home
2077,Will Fuller,WR,4.4,Away
2078,Will Fuller,WR,0.6,Away
2079,Will Fuller,WR,14.0,Home
2080,Will Fuller,WR,0.8,Home
2081,Will Fuller,WR,6.1,Away
2082,Will Fuller,WR,1.1,Away
2083,Marcus Mariota,QB,24.32,Away
2084,Marcus Mariota,QB,13.36,Home
2085,Marcus Mariota,QB,15.56,Away
2086,Marcus Mariota,QB,23.28,Away
2087,Marcus Mariota,QB,8.62,Home
2088,Marcus Mariota,QB,-1.08,Away
2089,Marcus Mariota,QB,0.96,Away
2090,Hunter Renfrow,WR,1.3,Home
2091,Hunter Renfrow,WR,3.0,Home
2092,Hunter Renfrow,WR,2.8,Away
2093,Hunter Renfrow,WR,1.8,Away
2094,Hunter Renfrow,WR,1.2,Home
2095,Hunter Renfrow,WR,1.4,Away
2096,Hunter Renfrow,WR,14.8,Away
2097,Hunter Renfrow,WR,11.4,Home
2098,Hunter Renfrow,WR,4.2,Home
2099,Hunter Renfrow,WR,6.6,Home
2100,Hunter Renfrow,WR,3.1,Away
2101,Hunter Renfrow,WR,16.7,Away
2102,Hunter Renfrow,WR,16.2,Away
2103,Sterling Shepard,WR,4.2,Away
2104,Sterling Shepard,WR,20.1,Away
2105,Sterling Shepard,WR,9.9,Home
2106,Sterling Shepard,WR,4.7,Home
2107,Sterling Shepard,WR,3.7,Away
2108,Sterling Shepard,WR,10.0,Home
2109,Sterling Shepard,WR,3.6,Away
2110,Sterling Shepard,WR,11.1,Home
2111,Sterling Shepard,WR,13.6,Away
2112,Sterling Shepard,WR,3.9,Home
2113,Matt Breida,RB,3.7,Away
2114,Matt Breida,RB,13.2,Away
2115,Matt Breida,RB,8.8,Home
2116,Matt Breida,RB,24.9,Home
2117,Matt Breida,RB,6.3,Away
2118,Matt Breida,RB,3.6,Away
2119,Matt Breida,RB,5.0,Home
2120,Matt Breida,RB,9.2,Away
2121,Matt Breida,RB,2.5,Home
2122,Matt Breida,RB,5.8,Away
2123,Matt Breida,RB,-0.3,Home
2125,Matt Breida,RB,1.6,Away
2126,Adam Thielen,WR,10.3,Home
2127,Adam Thielen,WR,7.5,Away
2128,Adam Thielen,WR,17.6,Home
2129,Adam Thielen,WR,0.6,Away
2130,Adam Thielen,WR,25.0,Away
2131,Adam Thielen,WR,11.7,Home
2132,Adam Thielen,WR,8.5,Away
2134,Adam Thielen,WR,3.0,Away
2135,Adam Thielen,WR,0.2,Home
2136,Taysom Hill,QB,7.7,Home
2137,Taysom Hill,QB,1.6,Away
2138,Taysom Hill,QB,1.0,Away
2139,Taysom Hill,QB,1.6,Home
2140,Taysom Hill,QB,2.12,Home
2141,Taysom Hill,QB,1.7,Away
2142,Taysom Hill,QB,8.5,Away
2143,Taysom Hill,QB,12.3,Home
2144,Taysom Hill,QB,2.08,Home
2145,Taysom Hill,QB,0.4,Away
2147,Taysom Hill,QB,16.5,Away
2148,Taysom Hill,QB,2.5,Home
2149,Taysom Hill,QB,10.3,Home
2150,Taysom Hill,QB,4.0,Away
2151,Taysom Hill,QB,10.9,Away
2152,Frank Gore,RB,2.0,Away
2153,Frank Gore,RB,14.3,Away
2154,Frank Gore,RB,14.9,Home
2155,Frank Gore,RB,10.9,Home
2156,Frank Gore,RB,6.9,Away
2157,Frank Gore,RB,6.6,Home
2158,Frank Gore,RB,3.4,Home
2159,Frank Gore,RB,1.5,Home
2160,Frank Gore,RB,1.6,Away
2161,Frank Gore,RB,4.5,Away
2162,Frank Gore,RB,6.5,Home
2163,Frank Gore,RB,2.5,Away
2164,Frank Gore,RB,0.6,Home
2165,Frank Gore,RB,1.5,Away
2167,Frank Gore,RB,4.2,Home
2168,T.Y. Hilton,WR,20.7,Away
2169,T.Y. Hilton,WR,10.3,Away
2170,T.Y. Hilton,WR,12.5,Home
2171,T.Y. Hilton,WR,3.7,Away
2172,T.Y. Hilton,WR,13.4,Home
2173,T.Y. Hilton,WR,5.4,Home
2174,T.Y. Hilton,WR,1.8,Away
2175,T.Y. Hilton,WR,2.5,Away
2176,T.Y. Hilton,WR,2.6,Home
2177,T.Y. Hilton,WR,7.2,Away
2178,Kenny Stills,WR,9.7,Away
2179,Kenny Stills,WR,3.8,Home
2180,Kenny Stills,WR,8.9,Away
2181,Kenny Stills,WR,2.4,Home
2182,Kenny Stills,WR,10.5,Away
2183,Kenny Stills,WR,2.2,Home
2184,Kenny Stills,WR,5.2,Away
2185,Kenny Stills,WR,2.7,Away
2186,Kenny Stills,WR,0.6,Home
2187,Kenny Stills,WR,12.1,Home
2188,Kenny Stills,WR,0.8,Home
2189,Kenny Stills,WR,15.5,Away
2190,Kenny Stills,WR,5.7,Away
2191,Danny Amendola,WR,16.4,Away
2193,Danny Amendola,WR,3.7,Away
2194,Danny Amendola,WR,0.6,Away
2195,Danny Amendola,WR,10.5,Home
2196,Danny Amendola,WR,9.5,Home
2197,Danny Amendola,WR,2.9,Away
2198,Danny Amendola,WR,2.9,Away
2199,Danny Amendola,WR,4.7,Home
2200,Danny Amendola,WR,2.1,Away
2201,Danny Amendola,WR,3.2,Home
2202,Danny Amendola,WR,3.4,Away
2203,Danny Amendola,WR,10.2,Home
2204,Danny Amendola,WR,2.1,Away
2205,Danny Amendola,WR,6.36,Home
2206,Alshon Jeffery,WR,17.1,Home
2208,Alshon Jeffery,WR,9.8,Away
2209,Alshon Jeffery,WR,5.2,Home
2210,Alshon Jeffery,WR,13.6,Away
2211,Alshon Jeffery,WR,3.8,Away
2212,Alshon Jeffery,WR,6.4,Away
2213,Alshon Jeffery,WR,3.6,Home
2214,Alshon Jeffery,WR,19.7,Away
2216,Dwayne Haskins,QB,0.58,Away
2217,Dwayne Haskins,QB,-0.68,Away
2218,Dwayne Haskins,QB,7.16,Away
2219,Dwayne Haskins,QB,17.06,Home
2220,Dwayne Haskins,QB,5.04,Home
2221,Dwayne Haskins,QB,6.48,Away
2222,Dwayne Haskins,QB,8.7,Away
2223,Dwayne Haskins,QB,19.04,Home
2224,Dwayne Haskins,QB,13.32,Home
2225,Brandin Cooks,WR,3.9,Away
2226,Brandin Cooks,WR,13.6,Home
2227,Brandin Cooks,WR,12.0,Away
2228,Brandin Cooks,WR,7.1,Home
2229,Brandin Cooks,WR,5.6,Away
2230,Brandin Cooks,WR,3.2,Home
2231,Brandin Cooks,WR,5.9,Away
2233,Brandin Cooks,WR,3.3,Home
2234,Brandin Cooks,WR,2.4,Away
2236,Brandin Cooks,WR,4.6,Away
2237,Brandin Cooks,WR,9.9,Away
2238,Brandin Cooks,WR,4.0,Home
2240,Darren Fells,TE,0.9,Home
2241,Darren Fells,TE,10.9,Away
2242,Darren Fells,TE,1.2,Home
2243,Darren Fells,TE,14.0,Home
2244,Darren Fells,TE,6.9,Away
2245,Darren Fells,TE,2.7,Away
2246,Darren Fells,TE,17.8,Home
2247,Darren Fells,TE,6.1,Away
2248,Darren Fells,TE,1.8,Away
2249,Darren Fells,TE,2.4,Home
2250,Darren Fells,TE,8.3,Home
2251,Darren Fells,TE,0.2,Home
2252,Darren Fells,TE,0.2,Away
2253,Darren Fells,TE,2.7,Away
2256,Anthony Miller,WR,0.2,Away
2257,Anthony Miller,WR,1.5,Away
2258,Anthony Miller,WR,1.1,Home
2259,Anthony Miller,WR,5.2,Away
2260,Anthony Miller,WR,4.3,Home
2261,Anthony Miller,WR,6.7,Home
2263,Anthony Miller,WR,0.7,Home
2264,Anthony Miller,WR,5.4,Away
2265,Anthony Miller,WR,7.7,Home
2266,Anthony Miller,WR,14.0,Away
2267,Anthony Miller,WR,10.2,Home
2268,Anthony Miller,WR,17.8,Away
2269,Anthony Miller,WR,0.2,Home
2270,Anthony Miller,WR,0.5,Away
2272,Steven Sims,WR,1.9,Home
2273,Steven Sims,WR,2.4,Home
2275,Steven Sims,WR,12.6,Home
2276,Steven Sims,WR,0.1,Away
2277,Steven Sims,WR,0.5,Home
2279,Steven Sims,WR,1.2,Away
2280,Steven Sims,WR,0.6,Home
2282,Steven Sims,WR,2.9,Away
2283,Steven Sims,WR,4.0,Away
2284,Steven Sims,WR,10.5,Home
2285,Steven Sims,WR,19.3,Home
2286,Steven Sims,WR,13.5,Away
2287,Kerryon Johnson,RB,6.2,Away
2288,Kerryon Johnson,RB,14.8,Home
2289,Kerryon Johnson,RB,10.3,Away
2290,Kerryon Johnson,RB,13.7,Home
2291,Kerryon Johnson,RB,12.1,Away
2292,Kerryon Johnson,RB,2.3,Home
2293,Kerryon Johnson,RB,4.3,Away
2294,Kerryon Johnson,RB,11.3,Home
2296,Kyle Rudolph,TE,0.9,Away
2297,Kyle Rudolph,TE,1.1,Home
2298,Kyle Rudolph,TE,1.2,Away
2299,Kyle Rudolph,TE,0.4,Away
2300,Kyle Rudolph,TE,3.6,Home
2301,Kyle Rudolph,TE,11.8,Away
2302,Kyle Rudolph,TE,1.7,Home
2303,Kyle Rudolph,TE,8.3,Away
2304,Kyle Rudolph,TE,15.4,Away
2305,Kyle Rudolph,TE,12.7,Home
2306,Kyle Rudolph,TE,11.0,Away
2307,Kyle Rudolph,TE,1.1,Home
2308,Kyle Rudolph,TE,4.8,Away
2309,Kyle Rudolph,TE,0.7,Home
2311,Rex Burkhead,RB,8.5,Home
2312,Rex Burkhead,RB,6.8,Away
2313,Rex Burkhead,RB,12.9,Home
2314,Rex Burkhead,RB,0.7,Away
2315,Rex Burkhead,RB,1.3,Home
2316,Rex Burkhead,RB,3.4,Away
2317,Rex Burkhead,RB,4.8,Away
2318,Rex Burkhead,RB,1.7,Home
2319,Rex Burkhead,RB,1.5,Away
2320,Rex Burkhead,RB,1.5,Home
2321,Rex Burkhead,RB,11.9,Away
2322,Rex Burkhead,RB,13.7,Home
2323,Rex Burkhead,RB,5.4,Home
2324,Nyheim Hines,RB,1.7,Away
2325,Nyheim Hines,RB,1.4,Away
2326,Nyheim Hines,RB,2.9,Home
2327,Nyheim Hines,RB,4.5,Home
2328,Nyheim Hines,RB,4.5,Away
2329,Nyheim Hines,RB,1.6,Home
2330,Nyheim Hines,RB,4.6,Home
2331,Nyheim Hines,RB,2.8,Away
2332,Nyheim Hines,RB,4.4,Home
2333,Nyheim Hines,RB,9.5,Home
2334,Nyheim Hines,RB,6.1,Away
2335,Nyheim Hines,RB,10.0,Home
2336,Nyheim Hines,RB,0.5,Away
2337,Nyheim Hines,RB,1.2,Away
2338,Nyheim Hines,RB,12.6,Home
2339,Nyheim Hines,RB,5.6,Away
2340,Tony Pollard,RB,2.4,Home
2341,Tony Pollard,RB,2.5,Away
2342,Tony Pollard,RB,18.8,Home
2344,Tony Pollard,RB,1.9,Home
2345,Tony Pollard,RB,1.3,Away
2346,Tony Pollard,RB,2.8,Home
2347,Tony Pollard,RB,3.0,Away
2349,Tony Pollard,RB,13.6,Away
2350,Tony Pollard,RB,2.8,Away
2351,Tony Pollard,RB,0.7,Home
2352,Tony Pollard,RB,20.3,Home
2353,Tony Pollard,RB,-2.0,Away
2354,Tony Pollard,RB,6.5,Home
2355,Boston Scott,RB,3.0,Away
2356,Boston Scott,RB,3.7,Away
2357,Boston Scott,RB,4.6,Away
2359,Boston Scott,RB,2.6,Home
2362,Boston Scott,RB,18.8,Home
2363,Boston Scott,RB,6.5,Away
2364,Boston Scott,RB,1.9,Home
2365,Boston Scott,RB,31.8,Away
2367,Corey Davis,WR,3.8,Home
2368,Corey Davis,WR,4.4,Away
2369,Corey Davis,WR,15.1,Away
2370,Corey Davis,WR,2.8,Home
2371,Corey Davis,WR,3.6,Away
2372,Corey Davis,WR,14.0,Home
2373,Corey Davis,WR,0.9,Home
2374,Corey Davis,WR,4.8,Away
2375,Corey Davis,WR,2.9,Home
2376,Corey Davis,WR,2.3,Away
2377,Corey Davis,WR,3.4,Away
2378,Corey Davis,WR,5.7,Home
2379,Corey Davis,WR,4.0,Home
2380,Corey Davis,WR,4.4,Away
2381,Phillip Dorsett,WR,21.5,Home
2382,Phillip Dorsett,WR,3.9,Away
2383,Phillip Dorsett,WR,12.5,Home
2384,Phillip Dorsett,WR,1.9,Away
2386,Phillip Dorsett,WR,10.6,Away
2387,Phillip Dorsett,WR,4.3,Home
2388,Phillip Dorsett,WR,1.3,Away
2389,Phillip Dorsett,WR,9.3,Away
2390,Phillip Dorsett,WR,1.5,Away
2394,Phillip Dorsett,WR,5.0,Home
2395,Greg Olsen,TE,3.6,Home
2396,Greg Olsen,TE,11.0,Home
2397,Greg Olsen,TE,19.5,Away
2398,Greg Olsen,TE,0.5,Away
2400,Greg Olsen,TE,5.2,Away
2401,Greg Olsen,TE,1.3,Away
2402,Greg Olsen,TE,4.0,Home
2403,Greg Olsen,TE,9.8,Away
2404,Greg Olsen,TE,5.7,Home
2405,Greg Olsen,TE,4.4,Away
2406,Greg Olsen,TE,2.2,Home
2407,Greg Olsen,TE,3.3,Away
2408,Greg Olsen,TE,1.2,Home
2409,Chase Edmonds,RB,0.5,Home
2410,Chase Edmonds,RB,1.7,Away
2411,Chase Edmonds,RB,2.5,Home
2412,Chase Edmonds,RB,3.7,Home
2413,Chase Edmonds,RB,14.6,Away
2414,Chase Edmonds,RB,12.7,Home
2415,Chase Edmonds,RB,33.0,Away
2416,Chase Edmonds,RB,1.3,Away
2418,Chase Edmonds,RB,0.9,Home
2422,Noah Fant,TE,2.4,Away
2423,Noah Fant,TE,3.3,Home
2424,Noah Fant,TE,1.7,Away
2425,Noah Fant,TE,9.1,Home
2426,Noah Fant,TE,0.6,Away
2427,Noah Fant,TE,1.6,Home
2428,Noah Fant,TE,0.7,Home
2429,Noah Fant,TE,2.6,Away
2430,Noah Fant,TE,17.5,Home
2431,Noah Fant,TE,5.3,Away
2432,Noah Fant,TE,1.4,Away
2433,Noah Fant,TE,0.5,Home
2434,Noah Fant,TE,17.3,Away
2435,Noah Fant,TE,5.6,Away
2436,Noah Fant,TE,1.0,Home
2437,Noah Fant,TE,0.4,Home
2438,JuJu Smith-Schuster,WR,7.8,Away
2439,JuJu Smith-Schuster,WR,8.4,Home
2440,JuJu Smith-Schuster,WR,14.1,Away
2441,JuJu Smith-Schuster,WR,1.5,Home
2442,JuJu Smith-Schuster,WR,11.5,Home
2443,JuJu Smith-Schuster,WR,0.7,Away
2444,JuJu Smith-Schuster,WR,16.3,Home
2445,JuJu Smith-Schuster,WR,1.6,Home
2446,JuJu Smith-Schuster,WR,4.4,Home
2447,JuJu Smith-Schuster,WR,2.1,Away
2448,JuJu Smith-Schuster,WR,2.2,Away
2449,JuJu Smith-Schuster,WR,0.6,Away
2450,Jonnu Smith,TE,1.7,Away
2452,Jonnu Smith,TE,2.0,Away
2453,Jonnu Smith,TE,0.5,Away
2454,Jonnu Smith,TE,5.7,Home
2455,Jonnu Smith,TE,0.8,Away
2456,Jonnu Smith,TE,6.4,Home
2457,Jonnu Smith,TE,13.8,Home
2458,Jonnu Smith,TE,1.8,Away
2459,Jonnu Smith,TE,3.0,Home
2460,Jonnu Smith,TE,0.4,Home
2462,Jonnu Smith,TE,8.9,Away
2463,Jonnu Smith,TE,11.7,Home
2464,Jonnu Smith,TE,12.3,Home
2465,Jonnu Smith,TE,0.7,Away
2466,Jack Doyle,TE,2.0,Away
2467,Jack Doyle,TE,2.1,Away
2468,Jack Doyle,TE,4.6,Home
2469,Jack Doyle,TE,8.2,Home
2470,Jack Doyle,TE,1.9,Away
2471,Jack Doyle,TE,2.1,Home
2472,Jack Doyle,TE,6.1,Home
2473,Jack Doyle,TE,8.2,Away
2474,Jack Doyle,TE,10.4,Home
2476,Jack Doyle,TE,2.8,Away
2477,Jack Doyle,TE,13.3,Home
2478,Jack Doyle,TE,2.7,Away
2479,Jack Doyle,TE,2.1,Away
2480,Jack Doyle,TE,1.7,Home
2481,Jack Doyle,TE,0.6,Away
2483,Demarcus Robinson,WR,29.2,Away
2484,Demarcus Robinson,WR,10.3,Home
2485,Demarcus Robinson,WR,3.5,Away
2486,Demarcus Robinson,WR,3.1,Home
2488,Demarcus Robinson,WR,3.1,Away
2489,Demarcus Robinson,WR,0.6,Home
2490,Demarcus Robinson,WR,0.5,Home
2491,Demarcus Robinson,WR,5.6,Away
2494,Demarcus Robinson,WR,1.2,Away
2495,Demarcus Robinson,WR,2.1,Home
2496,Demarcus Robinson,WR,1.3,Away
2497,Demarcus Robinson,WR,8.4,Home
2498,Kendrick Bourne,WR,0.9,Away
2499,Kendrick Bourne,WR,0.4,Away
2500,Kendrick Bourne,WR,2.2,Home
2501,Kendrick Bourne,WR,2.4,Home
2502,Kendrick Bourne,WR,1.1,Away
2503,Kendrick Bourne,WR,6.9,Away
2504,Kendrick Bourne,WR,1.2,Home
2505,Kendrick Bourne,WR,6.7,Away
2506,Kendrick Bourne,WR,12.2,Home
2507,Kendrick Bourne,WR,9.1,Home
2508,Kendrick Bourne,WR,2.7,Home
2509,Kendrick Bourne,WR,4.2,Away
2510,Kendrick Bourne,WR,13.8,Away
2511,Kendrick Bourne,WR,1.1,Home
2512,Kendrick Bourne,WR,2.9,Home
2519,Allen Lazard,WR,12.5,Home
2520,Allen Lazard,WR,4.2,Home
2521,Allen Lazard,WR,4.2,Away
2522,Allen Lazard,WR,4.4,Away
2523,Allen Lazard,WR,2.7,Home
2524,Allen Lazard,WR,2.8,Away
2525,Allen Lazard,WR,16.3,Away
2526,Allen Lazard,WR,1.9,Home
2527,Allen Lazard,WR,1.4,Home
2528,Allen Lazard,WR,4.5,Away
2529,Allen Lazard,WR,12.9,Away
2530,Drew Lock,QB,12.86,Home
2531,Drew Lock,QB,23.86,Away
2532,Drew Lock,QB,6.62,Away
2533,Drew Lock,QB,12.68,Home
2534,Drew Lock,QB,11.98,Home
2535,Rashaad Penny,RB,1.8,Home
2536,Rashaad Penny,RB,12.5,Away
2537,Rashaad Penny,RB,4.9,Home
2539,Rashaad Penny,RB,5.5,Away
2540,Rashaad Penny,RB,1.2,Home
2541,Rashaad Penny,RB,-1.8,Away
2542,Rashaad Penny,RB,18.9,Away
2543,Rashaad Penny,RB,22.7,Home
2544,Rashaad Penny,RB,1.6,Away
2545,John Ross,WR,27.8,Away
2546,John Ross,WR,17.2,Home
2547,John Ross,WR,0.2,Away
2548,John Ross,WR,3.6,Away
2549,John Ross,WR,2.8,Away
2550,John Ross,WR,2.4,Home
2551,John Ross,WR,9.0,Away
2552,John Ross,WR,4.0,Home
2553,Evan Engram,TE,17.6,Away
2554,Evan Engram,TE,4.8,Home
2555,Evan Engram,TE,17.3,Away
2556,Evan Engram,TE,5.4,Home
2557,Evan Engram,TE,4.7,Home
2558,Evan Engram,TE,0.6,Home
2559,Evan Engram,TE,10.0,Away
2560,Evan Engram,TE,5.0,Home
2561,Mohamed Sanu,WR,5.7,Away
2562,Mohamed Sanu,WR,1.6,Home
2563,Mohamed Sanu,WR,7.7,Away
2564,Mohamed Sanu,WR,9.1,Home
2565,Mohamed Sanu,WR,10.3,Away
2566,Mohamed Sanu,WR,2.9,Away
2567,Mohamed Sanu,WR,0.3,Home
2568,Mohamed Sanu,WR,2.3,Home
2569,Mohamed Sanu,WR,14.1,Away
2570,Mohamed Sanu,WR,1.2,Away
2571,Mohamed Sanu,WR,1.4,Away
2572,Mohamed Sanu,WR,1.3,Home
2573,Mohamed Sanu,WR,1.3,Away
2574,Mohamed Sanu,WR,2.4,Home
2575,Mohamed Sanu,WR,3.5,Home
2576,Tyler Eifert,TE,2.7,Away
2577,Tyler Eifert,TE,6.9,Home
2578,Tyler Eifert,TE,1.8,Away
2579,Tyler Eifert,TE,2.7,Away
2580,Tyler Eifert,TE,1.4,Home
2581,Tyler Eifert,TE,1.3,Away
2582,Tyler Eifert,TE,1.0,Home
2583,Tyler Eifert,TE,7.4,Away
2584,Tyler Eifert,TE,8.0,Home
2585,Tyler Eifert,TE,2.1,Away
2586,Tyler Eifert,TE,0.7,Home
2587,Tyler Eifert,TE,1.2,Home
2588,Tyler Eifert,TE,4.9,Away
2589,Tyler Eifert,TE,4.4,Home
2590,Tyler Eifert,TE,13.7,Away
2591,Tyler Eifert,TE,3.4,Home
2592,Ryan Griffin,TE,1.0,Home
2594,Ryan Griffin,TE,0.5,Away
2595,Ryan Griffin,TE,0.2,Away
2596,Ryan Griffin,TE,8.8,Home
2597,Ryan Griffin,TE,0.1,Home
2598,Ryan Griffin,TE,20.6,Away
2599,Ryan Griffin,TE,5.0,Away
2601,Ryan Griffin,TE,16.9,Away
2602,Ryan Griffin,TE,7.3,Home
2603,Ryan Griffin,TE,3.0,Away
2604,Ryan Griffin,TE,0.8,Home
2605,Kareem Hunt,RB,7.4,Home
2606,Kareem Hunt,RB,5.8,Home
2607,Kareem Hunt,RB,10.6,Home
2608,Kareem Hunt,RB,12.5,Away
2609,Kareem Hunt,RB,12.8,Home
2610,Kareem Hunt,RB,7.6,Away
2611,Kareem Hunt,RB,4.1,Home
2612,Kareem Hunt,RB,3.6,Away
2613,Willie Snead,WR,10.1,Away
2614,Willie Snead,WR,0.5,Home
2615,Willie Snead,WR,4.7,Away
2616,Willie Snead,WR,12.1,Home
2617,Willie Snead,WR,5.1,Away
2618,Willie Snead,WR,1.8,Home
2619,Willie Snead,WR,0.2,Away
2620,Willie Snead,WR,1.5,Home
2621,Willie Snead,WR,1.2,Away
2622,Willie Snead,WR,1.3,Home
2623,Willie Snead,WR,13.4,Away
2624,Willie Snead,WR,1.2,Home
2625,Willie Snead,WR,7.3,Away
2626,Willie Snead,WR,1.5,Home
2628,Willie Snead,WR,2.2,Home
2629,Jimmy Graham,TE,9.0,Away
2632,Jimmy Graham,TE,12.1,Home
2633,Jimmy Graham,TE,4.1,Away
2634,Jimmy Graham,TE,1.7,Home
2635,Jimmy Graham,TE,12.5,Home
2636,Jimmy Graham,TE,2.0,Away
2637,Jimmy Graham,TE,1.7,Away
2638,Jimmy Graham,TE,5.9,Home
2639,Jimmy Graham,TE,0.7,Away
2640,Jimmy Graham,TE,1.6,Away
2641,Jimmy Graham,TE,4.9,Home
2643,Jimmy Graham,TE,1.6,Away
2644,Jimmy Graham,TE,4.9,Away
2645,Auden Tate,WR,0.6,Home
2646,Auden Tate,WR,6.8,Away
2647,Auden Tate,WR,5.0,Away
2648,Auden Tate,WR,8.6,Home
2649,Auden Tate,WR,9.1,Away
2650,Auden Tate,WR,6.5,Home
2651,Auden Tate,WR,6.5,Away
2652,Auden Tate,WR,3.6,Home
2653,Auden Tate,WR,5.6,Away
2654,Auden Tate,WR,1.0,Home
2655,Auden Tate,WR,6.6,Home
2656,Auden Tate,WR,1.6,Away
2657,Taylor Gabriel,WR,2.4,Home
2658,Taylor Gabriel,WR,2.5,Away
2659,Taylor Gabriel,WR,26.2,Away
2660,Taylor Gabriel,WR,0.6,Home
2661,Taylor Gabriel,WR,5.3,Home
2662,Taylor Gabriel,WR,6.9,Away
2663,Taylor Gabriel,WR,9.8,Home
2664,Taylor Gabriel,WR,5.7,Away
2665,Taylor Gabriel,WR,1.9,Home
2666,Preston Williams,WR,8.4,Home
2667,Preston Williams,WR,6.3,Home
2668,Preston Williams,WR,6.8,Away
2669,Preston Williams,WR,4.6,Home
2670,Preston Williams,WR,3.1,Home
2671,Preston Williams,WR,6.2,Away
2672,Preston Williams,WR,4.2,Away
2673,Preston Williams,WR,19.2,Home
2674,Alexander Mattison,RB,4.9,Home
2675,Alexander Mattison,RB,2.5,Away
2676,Alexander Mattison,RB,11.8,Home
2677,Alexander Mattison,RB,1.3,Away
2678,Alexander Mattison,RB,5.2,Away
2679,Alexander Mattison,RB,4.3,Home
2680,Alexander Mattison,RB,1.8,Away
2681,Alexander Mattison,RB,6.4,Home
2682,Alexander Mattison,RB,0.6,Away
2683,Alexander Mattison,RB,5.4,Away
2684,Alexander Mattison,RB,0.5,Home
2685,Alexander Mattison,RB,7.3,Away
2686,Alexander Mattison,RB,6.4,Home
2687,Marquez Valdes-Scantling,WR,5.2,Away
2688,Marquez Valdes-Scantling,WR,1.9,Home
2689,Marquez Valdes-Scantling,WR,15.9,Home
2690,Marquez Valdes-Scantling,WR,4.7,Home
2691,Marquez Valdes-Scantling,WR,1.8,Away
2692,Marquez Valdes-Scantling,WR,5.7,Home
2693,Marquez Valdes-Scantling,WR,19.3,Home
2694,Marquez Valdes-Scantling,WR,0.4,Away
2697,Marquez Valdes-Scantling,WR,0.7,Away
2701,Marquez Valdes-Scantling,WR,0.6,Away
2702,Marquez Valdes-Scantling,WR,1.9,Away
2703,Malcolm Brown,RB,17.3,Away
2704,Malcolm Brown,RB,4.7,Home
2705,Malcolm Brown,RB,0.7,Away
2706,Malcolm Brown,RB,1.4,Home
2707,Malcolm Brown,RB,0.3,Away
2708,Malcolm Brown,RB,4.0,Home
2709,Malcolm Brown,RB,1.0,Away
2710,Malcolm Brown,RB,7.5,Home
2712,Malcolm Brown,RB,3.0,Away
2713,Malcolm Brown,RB,8.1,Home
2716,Malcolm Brown,RB,9.2,Home
2717,Jeff Driskel,QB,17.06,Away
2718,Jeff Driskel,QB,27.46,Home
2719,Jeff Driskel,QB,12.58,Away
2722,Brian Hill,RB,2.5,Home
2723,Brian Hill,RB,8.9,Home
2724,Brian Hill,RB,13.1,Away
2725,Brian Hill,RB,3.8,Away
2726,Brian Hill,RB,2.7,Home
2727,Brian Hill,RB,3.7,Home
2728,Brian Hill,RB,12.2,Home
2729,Brian Hill,RB,1.6,Away
2730,Brian Hill,RB,6.6,Home
2731,Brian Hill,RB,2.1,Away
2732,Jaylen Samuels,RB,0.6,Away
2733,Jaylen Samuels,RB,3.1,Home
2735,Jaylen Samuels,RB,15.54,Home
2736,Jaylen Samuels,RB,-0.54,Home
2737,Jaylen Samuels,RB,6.3,Home
2738,Jaylen Samuels,RB,4.0,Home
2739,Jaylen Samuels,RB,10.5,Away
2740,Jaylen Samuels,RB,3.2,Away
2741,Jaylen Samuels,RB,5.4,Home
2742,Jaylen Samuels,RB,3.4,Away
2743,Jaylen Samuels,RB,0.4,Home
2744,Jaylen Samuels,RB,3.9,Away
2745,Jaylen Samuels,RB,1.6,Away
2747,Tajae Sharpe,WR,2.4,Home
2748,Tajae Sharpe,WR,7.0,Away
2750,Tajae Sharpe,WR,1.2,Home
2752,Tajae Sharpe,WR,7.9,Home
2753,Tajae Sharpe,WR,7.8,Home
2754,Tajae Sharpe,WR,3.1,Away
2755,Tajae Sharpe,WR,2.0,Home
2757,Tajae Sharpe,WR,2.5,Away
2758,Tajae Sharpe,WR,2.8,Home
2759,Tajae Sharpe,WR,18.9,Home
2760,Tajae Sharpe,WR,1.3,Away
2761,Eric Ebron,TE,0.8,Away
2762,Eric Ebron,TE,8.5,Away
2763,Eric Ebron,TE,4.7,Home
2764,Eric Ebron,TE,10.8,Home
2765,Eric Ebron,TE,0.8,Away
2766,Eric Ebron,TE,13.0,Home
2767,Eric Ebron,TE,2.6,Home
2768,Eric Ebron,TE,1.6,Away
2769,Eric Ebron,TE,5.6,Home
2770,Eric Ebron,TE,2.7,Home
2771,Eric Ebron,TE,4.4,Away
2772,Ted Ginn Jr.,WR,10.1,Home
2774,Ted Ginn Jr.,WR,1.5,Away
2775,Ted Ginn Jr.,WR,1.9,Home
2776,Ted Ginn Jr.,WR,9.6,Home
2777,Ted Ginn Jr.,WR,4.8,Away
2778,Ted Ginn Jr.,WR,4.8,Away
2779,Ted Ginn Jr.,WR,4.2,Home
2780,Ted Ginn Jr.,WR,0.5,Home
2781,Ted Ginn Jr.,WR,7.4,Away
2782,Ted Ginn Jr.,WR,3.8,Home
2784,Ted Ginn Jr.,WR,5.0,Home
2785,Ted Ginn Jr.,WR,1.3,Home
2787,Ted Ginn Jr.,WR,1.0,Away
2788,Nelson Agholor,WR,1.1,Home
2789,Nelson Agholor,WR,16.7,Away
2790,Nelson Agholor,WR,15.0,Home
2792,Nelson Agholor,WR,2.0,Home
2793,Nelson Agholor,WR,4.2,Away
2794,Nelson Agholor,WR,2.4,Away
2795,Nelson Agholor,WR,1.4,Away
2796,Nelson Agholor,WR,2.1,Home
2797,Nelson Agholor,WR,4.0,Home
2798,Nelson Agholor,WR,6.1,Away
2799,Cameron Brate,TE,0.8,Home
2800,Cameron Brate,TE,1.0,Away
2801,Cameron Brate,TE,0.7,Home
2802,Cameron Brate,TE,9.6,Away
2803,Cameron Brate,TE,1.1,Away
2804,Cameron Brate,TE,10.7,Home
2805,Cameron Brate,TE,3.2,Away
2808,Cameron Brate,TE,7.3,Home
2810,Cameron Brate,TE,0.5,Away
2811,Cameron Brate,TE,9.0,Home
2812,Cameron Brate,TE,3.3,Away
2813,Cameron Brate,TE,1.7,Home
2814,Cameron Brate,TE,6.2,Home
